,id,spoken_languages
0,19995,en
1,19995,es
2,285,en
3,206647,fr
4,206647,en
5,206647,es
6,206647,it
7,206647,de
8,49026,en
9,49529,en
10,559,en
11,559,fr
12,38757,en
13,99861,en
14,767,en
15,209112,en
16,1452,en
17,1452,fr
18,1452,de
19,10764,en
20,10764,es
21,10764,it
22,10764,fr
23,10764,de
24,58,en
25,58,tr
26,58,el
27,58,zh
28,57201,en
29,49521,en
30,2454,en
31,24428,en
32,1865,en
33,1865,es
34,41154,en
35,122917,en
36,1930,en
37,20662,en
38,20662,th
39,57158,en
40,2268,is
41,2268,en
42,2268,ru
43,2268,fr
44,254,en
45,597,en
46,597,fr
47,597,de
48,597,sv
49,597,it
50,597,ru
51,271110,ro
52,271110,en
53,271110,de
54,271110,ru
55,44833,en
56,44833,th
57,135397,en
58,37724,en
59,558,en
60,558,ru
61,558,zh
62,68721,en
63,12155,en
64,36668,en
65,62211,en
66,8373,en
67,8373,es
68,91314,en
69,68728,en
70,102382,en
71,20526,en
72,49013,en
73,49013,ja
74,49013,it
75,49013,fr
76,44912,en
77,10193,en
78,10193,es
79,534,en
80,534,it
81,168259,en
82,72190,en
83,127585,en
84,54138,en
85,81005,en
86,64682,en
87,9543,en
88,68726,en
89,38356,en
90,217,en
91,217,de
92,217,ru
93,105864,en
94,62177,en
95,188927,en
96,10681,en
97,5174,la
98,5174,en
99,5174,fr
100,5174,ja
101,5174,zh
102,14161,en
103,14161,fr
104,14161,hi
105,14161,it
106,14161,la
107,14161,zh
108,14161,pt
109,14161,ru
110,14161,bo
111,17979,en
112,76757,en
113,258489,en
114,411,en
115,411,de
116,246655,en
117,155,en
118,155,zh
119,14160,en
120,15512,en
121,1726,en
122,1726,fa
123,1726,ur
124,1726,ar
125,44826,en
126,8487,en
127,1735,en
128,1735,zh
129,1735,sa
130,297761,en
131,2698,en
132,137113,en
133,9804,en
134,9804,de
135,9804,es
136,14869,en
137,14869,fr
138,14869,gd
139,150540,en
140,278927,en
141,10138,en
142,10138,ru
143,10138,fr
144,58595,en
145,102651,en
146,119450,en
147,79698,en
148,64686,en
149,64686,ja
150,100402,en
151,10192,en
152,158852,en
153,177572,en
154,82690,en
155,5255,en
156,47933,en
157,10191,en
158,296,en
159,118340,en
160,157336,en
161,27205,en
162,27205,ja
163,27205,fr
164,315011,it
165,315011,de
166,315011,en
167,315011,ja
168,49051,en
169,9799,en
170,4922,en
171,49538,de
172,49538,en
173,49538,es
174,49538,fr
175,49538,ru
176,131634,en
177,27022,en
178,503,en
179,503,es
180,241259,en
181,810,fr
182,68735,en
183,87101,en
184,10140,en
185,676,fr
186,676,en
187,676,ja
188,1858,es
189,1858,en
190,1966,en
191,675,en
192,674,en
193,674,fr
194,8960,en
195,8960,ja
196,6479,en
197,118,en
198,2062,en
199,272,en
200,272,ur
201,272,zh
202,10527,en
203,10527,it
204,10527,th
205,18360,en
206,2080,en
207,605,en
208,605,fr
209,109445,en
210,604,en
211,76338,en
212,76341,en
213,13448,en
214,13448,it
215,13448,la
216,13448,fr
217,13448,de
218,13448,zh
219,10195,en
220,13053,en
221,19585,en
222,57165,en
223,62213,en
224,177677,de
225,177677,en
226,177677,sv
227,7978,en
228,5559,en
229,49444,en
230,10196,en
231,956,de
232,956,en
233,956,it
234,956,zh
235,956,cs
236,956,cn
237,117251,en
238,50321,en
239,11619,en
240,266647,en
241,82703,en
242,652,en
243,80321,en
244,80321,es
245,80321,th
246,36669,en
247,36669,ko
248,36669,cn
249,36669,de
250,36669,es
251,36669,is
252,36669,it
253,43074,en
254,95,en
255,95,ru
256,608,en
257,2310,en
258,140300,en
259,56292,en
260,56292,ru
261,56292,fr
262,56292,ar
263,56292,sv
264,81188,fr
265,81188,en
266,7552,en
267,616,en
268,616,ja
269,147441,en
270,13475,en
271,557,en
272,82702,en
273,205584,en
274,10048,en
275,10048,de
276,10048,ko
277,10048,ru
278,10048,es
279,13183,en
280,944,en
281,944,cn
282,944,zh
283,1927,en
284,1927,es
285,72559,en
286,7364,en
287,7364,fr
288,7364,ar
289,2114,en
290,1771,fr
291,1771,no
292,1771,en
293,36643,en
294,36643,ru
295,8619,fr
296,8619,pt
297,8619,en
298,50620,en
299,65759,en
300,1724,pt
301,1724,es
302,1724,en
303,267935,en
304,281957,en
305,281957,fr
306,77950,en
307,44896,en
308,270946,en
309,2503,en
310,2503,fr
311,2503,ar
312,2503,ru
313,2503,es
314,9502,en
315,102899,en
316,101299,en
317,228161,en
318,74,en
319,8961,en
320,8961,es
321,417859,es
322,417859,en
323,27576,en
324,27576,ru
325,27576,ko
326,86834,en
327,17578,en
328,673,en
329,6972,en
330,6972,ja
331,82700,en
332,10567,en
333,181533,en
334,38055,en
335,671,en
336,49524,en
337,22,en
338,131631,en
339,591,en
340,591,fr
341,591,la
342,591,es
343,172385,en
344,172385,pt
345,36658,en
346,36658,de
347,36658,it
348,51497,en
349,51497,es
350,51497,pt
351,51497,it
352,58574,en
353,18823,en
354,861,en
355,1911,en
356,1911,no
357,49040,en
358,49040,ru
359,415,en
360,8871,en
361,435,en
362,435,ja
363,435,fr
364,435,ar
365,435,es
366,955,en
367,2133,en
368,1979,en
369,1979,ja
370,1979,ar
371,1979,zh
372,87827,zh
373,87827,en
374,87827,fr
375,87827,hi
376,87827,ja
377,87827,ta
378,1250,en
379,324668,en
380,9471,en
381,9471,zh
382,9471,es
383,70981,gd
384,70981,en
385,10996,en
386,68724,en
387,2789,en
388,97020,en
389,7459,en
390,42888,en
391,37834,en
392,37834,de
393,37834,es
394,75612,en
395,1895,en
396,1894,en
397,585,en
398,76170,en
399,1893,en
400,49519,en
401,2395,fr
402,2395,pt
403,12100,en
404,12100,ja
405,12100,nv
406,290595,en
407,98566,en
408,49047,en
409,9619,en
410,308531,en
411,166424,en
412,1593,en
413,1593,it
414,1593,he
415,254128,en
416,714,de
417,714,en
418,714,da
419,714,zh
420,714,cn
421,2024,en
422,163,fr
423,163,it
424,163,nl
425,163,zh
426,163,en
427,787,en
428,787,es
429,262500,en
430,2567,en
431,38745,en
432,40805,en
433,40805,zh
434,53182,en
435,41513,en
436,13700,zh
437,13700,en
438,262504,en
439,39254,en
440,77931,en
441,1639,en
442,1639,pt
443,80274,en
444,1571,en
445,1571,it
446,1571,fr
447,120,en
448,10204,de
449,10204,en
450,10204,fr
451,10204,hi
452,10204,tr
453,10204,cn
454,8489,en
455,10588,en
456,2048,en
457,1495,ar
458,1495,en
459,1495,it
460,1495,la
461,10137,en
462,10198,fr
463,10198,en
464,286217,en
465,286217,zh
466,1635,en
467,24113,en
468,9679,en
469,98,en
470,180,en
471,180,sv
472,672,en
473,36557,en
474,36557,fr
475,869,en
476,280,en
477,280,es
478,11322,en
479,4982,en
480,36955,en
481,36955,fr
482,36955,ar
483,36955,de
484,18487,en
485,39451,en
486,27581,en
487,9268,en
488,68718,en
489,68718,fr
490,68718,de
491,10545,la
492,10545,en
493,11688,en
494,76163,en
495,2059,la
496,2059,en
497,2059,es
498,2486,en
499,16523,en
500,116711,en
501,37710,en
502,37710,fr
503,37710,it
504,37710,ru
505,37710,es
506,9946,en
507,9946,it
508,9946,la
509,1372,af
510,1372,en
511,106646,fr
512,106646,en
513,414,en
514,563,en
515,83542,en
516,41216,en
517,314,es
518,314,en
519,184315,en
520,9016,en
521,18162,en
522,138103,en
523,257088,en
524,10214,en
525,205775,en
526,11692,en
527,22972,en
528,22972,ar
529,227973,en
530,29193,en
531,1734,en
532,1734,ar
533,3131,en
534,3131,ga
535,3131,la
536,3131,zh
537,76758,zh
538,76758,ja
539,76758,en
540,9408,en
541,9890,en
542,855,en
543,855,so
544,77953,en
545,18,en
546,18,sv
547,18,de
548,37786,en
549,37786,ar
550,10501,en
551,57800,en
552,150689,en
553,7980,en
554,12,en
555,122,en
556,121,en
557,68737,en
558,1995,en
559,157353,en
560,331,en
561,331,es
562,61791,en
563,8204,en
564,47964,en
565,47964,ru
566,10733,en
567,10733,es
568,9806,fr
569,9806,en
570,1408,en
571,1408,la
572,32657,en
573,607,en
574,607,es
575,863,en
576,44048,en
577,5175,cn
578,5175,en
579,5175,zh
580,2655,en
581,22794,en
582,8355,en
583,116745,en
584,4327,en
585,4327,de
586,4327,fi
587,4327,ja
588,4327,cn
589,1422,en
590,1422,cn
591,10674,en
592,10674,zh
593,7446,en
594,7446,zh
595,65754,en
596,1572,en
597,1572,de
598,1572,ro
599,10528,en
600,10528,fr
601,271969,en
602,10865,en
603,10865,fr
604,10865,es
605,258509,en
606,2253,en
607,2253,de
608,10661,en
609,10661,he
610,257344,en
611,644,en
612,10756,en
613,686,en
614,9383,en
615,179,en
616,179,fr
617,179,pt
618,76285,en
619,1996,en
620,1996,zh
621,291805,zh
622,291805,en
623,10003,en
624,10003,ru
625,1535,cn
626,1535,en
627,1535,de
628,1535,ar
629,1535,fr
630,2067,en
631,46195,en
632,46195,pt
633,2277,en
634,10357,de
635,10357,es
636,10357,en
637,4477,en
638,8665,en
639,9387,en
640,921,en
641,49852,da
642,49852,en
643,4464,en
644,664,en
645,8358,ru
646,8358,en
647,9836,en
648,2502,en
649,2502,ru
650,2502,de
651,2502,it
652,9772,en
653,9772,ru
654,161,it
655,161,en
656,52451,en
657,76492,en
658,4523,en
659,59961,en
660,59961,af
661,59961,es
662,10481,en
663,59108,en
664,1581,en
665,9798,en
666,22897,en
667,22897,fr
668,298,es
669,298,en
670,298,fr
671,7484,en
672,157350,en
673,853,de
674,853,en
675,853,ru
676,10159,pt
677,10159,en
678,9593,en
679,1904,en
680,1904,ja
681,9615,en
682,9615,ja
683,51052,en
684,297,en
685,9884,en
686,9884,es
687,16858,en
688,62764,en
689,22538,en
690,9341,en
691,12107,en
692,9637,en
693,49049,en
694,9339,en
695,9339,pt
696,9339,ja
697,16281,en
698,16281,it
699,39691,en
700,39691,th
701,8247,fr
702,11253,en
703,1949,en
704,8452,en
705,310,en
706,27578,en
707,27578,es
708,954,en
709,954,fr
710,954,cs
711,70160,en
712,45243,en
713,45243,th
714,364,en
715,7518,en
716,11544,en
717,9986,en
718,8656,en
719,146216,en
720,146216,fr
721,146216,ru
722,9291,en
723,55301,en
724,109418,en
725,11665,en
726,11665,ru
727,6964,fr
728,6964,en
729,11324,en
730,11324,de
731,12193,en
732,9928,en
733,9928,it
734,754,en
735,754,la
736,10202,en
737,4147,en
738,50546,en
739,1701,en
740,13027,en
741,2289,en
742,20504,en
743,9574,en
744,11618,en
745,2300,en
746,12096,en
747,10200,zh
748,10200,en
749,8834,en
750,228150,en
751,6068,en
752,6068,de
753,6068,th
754,41515,en
755,9023,en
756,38317,en
757,2157,en
758,14462,en
759,161795,en
760,159824,en
761,159824,th
762,49948,en
763,2135,en
764,9822,sw
765,9822,en
766,9705,de
767,9705,en
768,1656,en
769,1656,it
770,1656,es
771,12159,en
772,9678,en
773,9678,fr
774,4442,en
775,4442,fr
776,4442,de
777,4442,it
778,75,en
779,75,fr
780,330770,fr
781,9433,en
782,9433,fr
783,9433,ru
784,19959,en
785,19959,fr
786,11973,en
787,11973,ru
788,11228,en
789,77951,en
790,5491,en
791,5491,fr
792,10715,en
793,10197,en
794,10197,fr
795,10197,it
796,9562,en
797,9562,fr
798,9922,en
799,9922,fr
800,9447,en
801,274854,en
802,8870,en
803,9992,en
804,36970,fr
805,10077,en
806,10077,zh
807,76649,en
808,453,en
809,8587,en
810,72545,en
811,109451,en
812,9533,en
813,2023,en
814,71880,en
815,584,en
816,584,es
817,309809,en
818,4858,ru
819,4858,en
820,17711,ru
821,328111,en
822,8698,en
823,8698,de
824,8698,it
825,93456,en
826,602,en
827,330,en
828,953,en
829,953,fr
830,953,pt
831,953,es
832,953,th
833,9693,en
834,36657,en
835,8909,en
836,9802,en
837,950,en
838,1824,en
839,2976,en
840,11026,en
841,332,en
842,332,no
843,332,fr
844,332,es
845,75656,fr
846,75656,en
847,38365,en
848,594,bg
849,594,en
850,594,fr
851,594,ru
852,594,es
853,15189,en
854,11678,en
855,11678,ur
856,6538,ar
857,6538,en
858,6538,ru
859,6538,ur
860,6538,he
861,10555,en
862,1125,en
863,4551,en
864,4551,ru
865,612,ar
866,612,de
867,612,el
868,612,en
869,612,fr
870,612,he
871,612,it
872,612,ru
873,9567,en
874,37821,en
875,203801,it
876,203801,en
877,203801,ru
878,203801,de
879,2539,es
880,2539,en
881,9297,en
882,3172,en
883,6520,en
884,6520,fr
885,1439,en
886,1439,th
887,37958,el
888,37958,en
889,2026,en
890,7450,en
891,7450,zh
892,11375,en
893,9425,en
894,25769,en
895,23685,en
896,11866,en
897,9741,en
898,211672,en
899,23629,en
900,23629,de
901,8688,cs
902,8688,en
903,10153,en
904,153518,en
905,8676,en
906,20829,en
907,4349,ar
908,4349,en
909,9718,en
910,10808,en
911,197,en
912,197,fr
913,197,la
914,197,gd
915,25,en
916,25,es
917,25,ar
918,25,la
919,35,en
920,11086,en
921,10477,en
922,10477,de
923,10477,es
924,1997,en
925,1997,fr
926,1997,th
927,6947,en
928,3050,en
929,2675,en
930,2675,pt
931,809,en
932,920,en
933,920,it
934,920,ja
935,920,yi
936,4806,en
937,7451,cs
938,7451,en
939,7451,de
940,7451,es
941,7451,ru
942,228165,en
943,3595,en
944,16869,de
945,16869,en
946,16869,fr
947,16869,it
948,879,en
949,1573,en
950,1573,es
951,9257,en
952,9257,es
953,9257,fr
954,1903,en
955,9697,en
956,395,it
957,395,en
958,23398,en
959,23398,fr
960,10590,en
961,10590,vi
962,10590,fr
963,117263,en
964,117263,ko
965,200,en
966,44943,en
967,587,en
968,10395,en
969,57212,en
970,152760,en
971,152760,de
972,152760,ru
973,152760,fr
974,2756,en
975,33909,en
976,49017,en
977,9882,es
978,9882,en
979,9882,ar
980,2270,en
981,978,en
982,44564,en
983,3132,en
984,8814,ja
985,8814,en
986,8427,en
987,8427,hu
988,8427,ru
989,52520,en
990,52520,ru
991,80585,en
992,80585,th
993,10592,en
994,10592,de
995,49021,en
996,11535,de
997,11535,fr
998,11535,ja
999,11535,ko
1000,11535,ru
1001,11535,ar
1002,11535,en
1003,10550,en
1004,10550,es
1005,11258,en
1006,12610,en
1007,59981,en
1008,201088,en
1009,201088,it
1010,201088,zh
1011,201088,es
1012,5137,bo
1013,5137,de
1014,5137,en
1015,3093,en
1016,3093,de
1017,107846,en
1018,107846,de
1019,107846,ar
1020,107846,ur
1021,188207,en
1022,4614,ar
1023,4614,en
1024,4614,ru
1025,4614,uk
1026,4614,de
1027,24021,en
1028,11371,en
1029,11371,fr
1030,20352,en
1031,11517,en
1032,214756,en
1033,26428,en
1034,9824,en
1035,48988,en
1036,9008,ar
1037,9008,en
1038,9008,ja
1039,9008,fa
1040,300673,en
1041,12113,ar
1042,12113,en
1043,38778,en
1044,72331,en
1045,1844,en
1046,846,en
1047,9703,en
1048,857,cs
1049,857,de
1050,857,en
1051,857,fr
1052,136797,en
1053,3981,en
1054,3981,fr
1055,425,en
1056,6171,en
1057,72976,en
1058,603,en
1059,568,en
1060,9021,en
1061,82695,en
1062,9489,en
1063,12133,en
1064,12133,es
1065,9342,en
1066,41733,en
1067,41733,es
1068,227306,it
1069,227306,en
1070,227306,ja
1071,5551,en
1072,9350,en
1073,9208,en
1074,4244,en
1075,1852,en
1076,11820,en
1077,76493,en
1078,76493,he
1079,345,en
1080,196867,en
1081,256591,en
1082,59962,en
1083,36648,eo
1084,36648,en
1085,1880,en
1086,1880,ru
1087,1880,es
1088,9440,en
1089,71679,en
1090,10483,en
1091,11412,en
1092,11983,en
1093,6795,en
1094,550,en
1095,11170,en
1096,9292,en
1097,9292,it
1098,10783,en
1099,100241,en
1100,257,en
1101,9947,en
1102,9947,ja
1103,189,en
1104,12618,en
1105,253412,en
1106,1427,en
1107,818,en
1108,818,ja
1109,818,de
1110,818,fr
1111,16577,en
1112,329,en
1113,329,es
1114,12160,en
1115,9331,en
1116,300168,en
1117,300168,zh
1118,9072,en
1119,3536,en
1120,3536,fr
1121,3536,de
1122,3536,ru
1123,9087,en
1124,12177,en
1125,12138,en
1126,273248,es
1127,273248,en
1128,9955,en
1129,9955,ja
1130,50359,en
1131,50359,ja
1132,50359,th
1133,1271,en
1134,693,en
1135,14306,en
1136,497,fr
1137,497,en
1138,11199,en
1139,9982,en
1140,210577,en
1141,2501,en
1142,2501,fr
1143,2501,de
1144,2501,nl
1145,2501,it
1146,710,en
1147,710,ru
1148,710,es
1149,2275,en
1150,37165,en
1151,9837,he
1152,9837,en
1153,10708,en
1154,136400,es
1155,136400,en
1156,10992,en
1157,10992,fr
1158,10992,de
1159,10992,th
1160,9654,uk
1161,9654,en
1162,9654,it
1163,2642,en
1164,8916,en
1165,19899,en
1166,2119,en
1167,9641,en
1168,294254,en
1169,38167,pt
1170,38167,en
1171,38167,it
1172,5994,en
1173,39514,en
1174,39514,ru
1175,9563,en
1176,547,en
1177,1538,es
1178,1538,en
1179,9334,en
1180,9334,th
1181,11128,en
1182,75780,en
1183,8914,en
1184,13576,en
1185,39538,en
1186,39538,cn
1187,39538,zh
1188,10628,en
1189,14836,en
1190,8645,en
1191,8645,fr
1192,9509,en
1193,9509,es
1194,10067,en
1195,9384,en
1196,9384,ko
1197,9279,en
1198,1487,ru
1199,1487,en
1200,9422,en
1201,77174,en
1202,4824,en
1203,4824,ru
1204,9620,en
1205,9302,fr
1206,10199,en
1207,10771,cn
1208,10771,en
1209,3512,en
1210,137094,en
1211,274479,es
1212,274479,en
1213,267860,en
1214,8078,en
1215,7485,en
1216,170687,en
1217,6435,en
1218,137106,en
1219,10040,en
1220,6278,en
1221,82682,en
1222,17610,en
1223,22954,en
1224,16995,cn
1225,16995,en
1226,16558,en
1227,16558,de
1228,16558,ru
1229,16558,es
1230,9849,en
1231,9849,it
1232,5820,en
1233,16866,en
1234,16866,es
1235,201,en
1236,11775,fr
1237,11775,en
1238,87825,en
1239,12201,en
1240,11015,en
1241,9932,en
1242,13389,ru
1243,13389,en
1244,13389,es
1245,8838,en
1246,17332,en
1247,4958,en
1248,786,en
1249,9513,en
1250,9513,pt
1251,11679,en
1252,38321,pt
1253,38321,en
1254,38321,th
1255,14411,cn
1256,14411,en
1257,14411,it
1258,8413,en
1259,8413,la
1260,10052,en
1261,10052,es
1262,9676,en
1263,9664,en
1264,9664,fr
1265,2100,en
1266,10384,en
1267,137321,en
1268,123553,en
1269,11260,en
1270,9009,en
1271,11374,en
1272,2309,en
1273,8285,en
1274,8285,fr
1275,8285,ru
1276,210860,en
1277,2312,en
1278,9839,en
1279,9839,am
1280,9839,km
1281,9839,de
1282,9839,ce
1283,381902,zh
1284,13922,en
1285,13922,ja
1286,293660,en
1287,9713,en
1288,190859,en
1289,257445,en
1290,9007,en
1291,9007,zh
1292,9007,es
1293,889,en
1294,1370,en
1295,1370,ru
1296,4942,en
1297,4942,de
1298,347969,en
1299,24438,en
1300,24438,it
1301,24438,ru
1302,24438,es
1303,24438,uk
1304,116741,en
1305,35791,en
1306,35791,es
1307,35791,ja
1308,72431,en
1309,72431,fr
1310,72431,de
1311,1813,en
1312,1813,fr
1313,1813,de
1314,1813,it
1315,1813,zh
1316,1813,es
1317,87428,en
1318,8840,en
1319,10589,en
1320,71676,en
1321,1722,en
1322,1722,de
1323,1722,el
1324,1722,it
1325,10022,en
1326,10022,ko
1327,11358,en
1328,13,en
1329,6477,en
1330,6477,es
1331,6477,fr
1332,6477,ja
1333,1597,en
1334,10530,en
1335,1924,en
1336,9327,en
1337,8488,en
1338,10603,en
1339,10603,es
1340,8273,en
1341,109424,en
1342,109424,so
1343,35056,he
1344,35056,en
1345,8839,en
1346,156022,en
1347,7303,en
1348,7303,fr
1349,8963,en
1350,1402,en
1351,1402,cn
1352,9315,ar
1353,9315,de
1354,9315,en
1355,9315,fr
1356,9315,it
1357,9315,ja
1358,8984,en
1359,795,en
1360,795,pl
1361,24,en
1362,24,ja
1363,24,fr
1364,11353,en
1365,393,en
1366,393,zh
1367,393,es
1368,393,cn
1369,9618,en
1370,9374,en
1371,8584,en
1372,8584,zh
1373,8584,es
1374,2320,en
1375,58224,en
1376,1729,en
1377,1729,zh
1378,175574,en
1379,8077,en
1380,8818,en
1381,8818,es
1382,8195,en
1383,8195,fr
1384,8195,ru
1385,10586,en
1386,116149,en
1387,80035,en
1388,10632,en
1389,12117,en
1390,1792,en
1391,13260,en
1392,72197,en
1393,3580,en
1394,12123,en
1395,9566,en
1396,9833,it
1397,9833,en
1398,4517,sv
1399,4517,en
1400,4517,es
1401,8202,en
1402,16072,en
1403,34314,en
1404,19724,en
1405,145220,de
1406,145220,en
1407,14623,en
1408,42297,en
1409,2841,co
1410,2841,fr
1411,2841,de
1412,802,en
1413,10375,en
1414,36586,cs
1415,36586,ro
1416,36586,en
1417,11321,en
1418,11321,es
1419,70074,en
1420,242,en
1421,242,it
1422,242,de
1423,242,la
1424,9621,en
1425,1819,en
1426,8536,en
1427,8046,en
1428,1717,en
1429,479,en
1430,479,es
1431,479,de
1432,9444,en
1433,9444,ru
1434,9444,fr
1435,824,fr
1436,824,es
1437,824,en
1438,11456,en
1439,261023,en
1440,3683,en
1441,22803,en
1442,285923,es
1443,285923,en
1444,39437,en
1445,1950,en
1446,640,en
1447,640,fr
1448,97630,en
1449,97630,ar
1450,9767,en
1451,11631,en
1452,11631,el
1453,32856,en
1454,6519,en
1455,8741,en
1456,8741,ru
1457,49520,en
1458,1850,en
1459,524,en
1460,26389,de
1461,26389,en
1462,26389,fr
1463,26389,zh
1464,11817,en
1465,11817,bo
1466,11817,pa
1467,11817,de
1468,2123,en
1469,2123,de
1470,9907,en
1471,9969,en
1472,18239,en
1473,18239,it
1474,808,en
1475,38050,en
1476,8367,en
1477,9390,en
1478,9390,pl
1479,72105,en
1480,2898,en
1481,10312,en
1482,109443,en
1483,2022,en
1484,37686,en
1485,462,en
1486,462,fr
1487,9919,en
1488,187017,en
1489,628,en
1490,628,fr
1491,10201,et
1492,10201,en
1493,10201,ko
1494,302699,en
1495,9441,en
1496,274167,en
1497,224141,en
1498,388,en
1499,388,sq
1500,2112,en
1501,10329,en
1502,10329,fr
1503,74465,en
1504,13811,en
1505,6877,en
1506,10320,en
1507,50646,en
1508,8920,en
1509,13673,es
1510,13673,en
1511,60308,en
1512,6950,en
1513,6950,ko
1514,6950,fr
1515,225574,en
1516,225574,de
1517,13836,en
1518,752,en
1519,6038,en
1520,6038,zh
1521,9975,en
1522,11451,en
1523,12103,en
1524,12103,fr
1525,12103,it
1526,12103,es
1527,60304,en
1528,2251,en
1529,2251,fr
1530,46529,fr
1531,46529,en
1532,231,ar
1533,231,en
1534,231,fa
1535,231,ur
1536,231,fr
1537,231,zh
1538,300671,ar
1539,300671,en
1540,228326,en
1541,9754,en
1542,66,en
1543,66,es
1544,4421,en
1545,2649,cn
1546,2649,de
1547,2649,en
1548,588,en
1549,10393,en
1550,71552,en
1551,9631,en
1552,216282,en
1553,306,en
1554,928,en
1555,205587,en
1556,6623,en
1557,6623,ru
1558,6623,sr
1559,6623,bs
1560,6623,hr
1561,1577,en
1562,9801,de
1563,9801,th
1564,9801,en
1565,2116,en
1566,9624,cs
1567,9624,en
1568,14199,en
1569,1907,en
1570,1907,fr
1571,1907,hr
1572,1907,sv
1573,1907,th
1574,4599,en
1575,22832,en
1576,10390,en
1577,9879,en
1578,38579,en
1579,44603,en
1580,44603,fr
1581,11892,en
1582,9691,en
1583,9691,es
1584,9691,nl
1585,1248,en
1586,1248,de
1587,1248,ru
1588,12220,it
1589,12220,en
1590,72710,en
1591,10782,en
1592,9573,en
1593,9573,es
1594,4959,en
1595,4959,fr
1596,4959,de
1597,4959,it
1598,4959,ru
1599,10061,en
1600,10386,en
1601,421,en
1602,421,is
1603,421,pt
1604,421,fr
1605,421,tl
1606,421,de
1607,421,it
1608,316152,en
1609,316152,de
1610,11615,en
1611,11615,es
1612,13498,en
1613,241554,en
1614,2252,en
1615,2252,ru
1616,2252,tr
1617,2252,uk
1618,2252,ur
1619,11968,en
1620,10047,en
1621,10047,la
1622,38319,en
1623,69668,en
1624,9770,en
1625,11212,en
1626,11212,fr
1627,11212,de
1628,10533,en
1629,38363,en
1630,9923,en
1631,9923,pl
1632,11863,en
1633,18501,en
1634,109491,en
1635,9275,en
1636,329833,en
1637,12634,en
1638,10416,en
1639,47327,en
1640,15268,en
1641,10796,en
1642,9548,en
1643,18947,en
1644,1900,es
1645,1900,en
1646,89,de
1647,89,el
1648,89,en
1649,96724,en
1650,96724,fr
1651,198184,en
1652,9481,en
1653,4547,en
1654,53953,en
1655,53953,pl
1656,6415,en
1657,6415,ar
1658,181283,en
1659,9896,en
1660,167,en
1661,11232,en
1662,11232,fr
1663,1636,en
1664,1636,ru
1665,1636,es
1666,2148,en
1667,2148,it
1668,5176,en
1669,260346,en
1670,1389,en
1671,9894,en
1672,7504,hi
1673,8592,en
1674,913,en
1675,11091,en
1676,1368,en
1677,593,ru
1678,5393,en
1679,9095,en
1680,8874,en
1681,8874,fr
1682,8874,it
1683,11467,en
1684,320,en
1685,199,en
1686,20533,en
1687,10684,en
1688,1624,en
1689,325789,en
1690,325789,es
1691,113464,en
1692,888,en
1693,82675,en
1694,82675,tr
1695,82675,ar
1696,4256,en
1697,1493,en
1698,1493,es
1699,1493,fr
1700,1493,ru
1701,88751,en
1702,88751,is
1703,88751,it
1704,11130,en
1705,9944,en
1706,10731,en
1707,7350,en
1708,9869,en
1709,4379,cs
1710,4379,en
1711,4379,pt
1712,146233,en
1713,2034,en
1714,2034,ru
1715,2034,es
1716,2034,ko
1717,926,en
1718,4248,en
1719,64328,en
1720,36647,ru
1721,36647,en
1722,7214,en
1723,1537,en
1724,9360,en
1725,6282,en
1726,508,en
1727,508,fr
1728,508,pt
1729,9487,en
1730,768,en
1731,768,hu
1732,768,ru
1733,2636,en
1734,10478,en
1735,27983,en
1736,9981,en
1737,9981,it
1738,7453,en
1739,15045,en
1740,7737,en
1741,232672,en
1742,17379,en
1743,17379,fr
1744,8987,en
1745,11359,en
1746,82525,en
1747,9759,en
1748,9486,ja
1749,9486,en
1750,9486,fr
1751,9906,en
1752,841,en
1753,841,it
1754,4688,en
1755,4148,en
1756,2207,en
1757,9381,en
1758,9381,ru
1759,9625,en
1760,9304,en
1761,20856,en
1762,5955,en
1763,9899,en
1764,9826,en
1765,21355,en
1766,21355,es
1767,10858,en
1768,11439,en
1769,9457,ko
1770,9457,en
1771,12412,de
1772,12412,it
1773,12412,en
1774,1494,zh
1775,13184,th
1776,13184,en
1777,2185,en
1778,6639,en
1779,38153,en
1780,38153,hu
1781,58233,de
1782,58233,cn
1783,58233,en
1784,58233,zh
1785,58233,ru
1786,116977,en
1787,68734,en
1788,68734,fa
1789,5503,en
1790,27573,en
1791,819,en
1792,1369,en
1793,1369,vi
1794,9623,en
1795,10895,en
1796,10935,en
1797,10935,fr
1798,10935,de
1799,10935,pl
1800,10935,ru
1801,834,en
1802,834,fr
1803,834,hu
1804,228066,en
1805,711,en
1806,10468,en
1807,10027,en
1808,10027,de
1809,10027,es
1810,11812,en
1811,37233,en
1812,37950,en
1813,27582,en
1814,64688,en
1815,509,en
1816,509,es
1817,7443,en
1818,5966,en
1819,11066,fr
1820,11066,en
1821,136795,en
1822,136795,es
1823,136795,bg
1824,8095,en
1825,8095,pt
1826,87826,en
1827,11560,en
1828,11560,es
1829,25189,en
1830,2637,en
1831,18480,cs
1832,18480,en
1833,18480,de
1834,709,en
1835,709,es
1836,49730,en
1837,2749,cs
1838,2749,en
1839,2749,el
1840,2749,ru
1841,9607,en
1842,1830,ar
1843,1830,de
1844,1830,en
1845,1830,fr
1846,1830,ru
1847,1830,es
1848,1830,uk
1849,1830,tr
1850,79,zh
1851,54054,en
1852,228967,ko
1853,228967,en
1854,46528,en
1855,46528,th
1856,27936,fr
1857,65,en
1858,280391,en
1859,280391,fr
1860,9476,en
1861,10610,en
1862,745,la
1863,745,es
1864,745,en
1865,49527,en
1866,73937,en
1867,1885,en
1868,168672,en
1869,18240,en
1870,10398,en
1871,165,en
1872,240832,zh
1873,240832,en
1874,240832,fr
1875,240832,es
1876,240832,ko
1877,216015,en
1878,12279,en
1879,1645,en
1880,11007,en
1881,193756,en
1882,11287,en
1883,259693,en
1884,37799,en
1885,10184,en
1886,4257,en
1887,4234,en
1888,196,en
1889,257091,en
1890,6114,la
1891,6114,ro
1892,6114,bg
1893,6114,el
1894,6114,en
1895,24803,en
1896,24803,fr
1897,1213,en
1898,1213,it
1899,100042,en
1900,9036,en
1901,257211,en
1902,323675,en
1903,9361,en
1904,9361,fr
1905,1677,en
1906,187,en
1907,7461,es
1908,7461,en
1909,16538,en
1910,9889,en
1911,820,en
1912,820,es
1913,11565,en
1914,6073,en
1915,6073,es
1916,16996,en
1917,193610,en
1918,19912,en
1919,296098,ru
1920,296098,en
1921,296098,de
1922,8007,cs
1923,8007,en
1924,8007,es
1925,8007,sh
1926,32823,en
1927,4380,en
1928,11551,en
1929,11551,fr
1930,11551,hu
1931,11551,es
1932,10336,en
1933,11362,en
1934,50348,en
1935,48138,en
1936,48138,de
1937,48138,tr
1938,48138,ar
1939,1124,en
1940,227159,en
1941,68179,en
1942,1579,en
1943,708,en
1944,708,ar
1945,708,fr
1946,708,de
1947,708,ru
1948,708,cs
1949,708,sk
1950,34851,en
1951,34851,es
1952,34851,ru
1953,9930,en
1954,1586,en
1955,2044,en
1956,9913,en
1957,71864,en
1958,71864,es
1959,10761,en
1960,10761,fr
1961,10761,ru
1962,209451,en
1963,11975,en
1964,4970,en
1965,11831,en
1966,11831,es
1967,9096,en
1968,440,en
1969,11011,en
1970,11011,la
1971,10641,en
1972,11172,en
1973,39513,en
1974,82687,en
1975,41446,en
1976,8224,en
1977,10537,en
1978,225886,en
1979,10385,ru
1980,55779,en
1981,55779,cn
1982,10154,en
1983,10647,en
1984,11431,en
1985,11431,pl
1986,11431,pt
1987,8457,en
1988,188161,en
1989,8850,en
1990,64685,en
1991,38357,en
1992,38357,uk
1993,10060,en
1994,11398,en
1995,1833,en
1996,10391,en
1997,8970,en
1998,9306,en
1999,11370,en
2000,11370,hu
2001,12184,en
2002,1921,en
2003,1683,es
2004,1683,en
2005,203,en
2006,203,it
2007,11858,en
2008,11858,es
2009,62835,en
2010,62835,es
2011,18937,en
2012,13536,en
2013,15556,en
2014,10718,en
2015,11062,en
2016,10802,en
2017,1887,en
2018,1887,fr
2019,1887,la
2020,6071,en
2021,10461,en
2022,80278,en
2023,80278,es
2024,80278,sv
2025,80278,th
2026,12704,en
2027,10315,en
2028,16643,en
2029,2687,en
2030,194,fr
2031,194,ru
2032,11025,en
2033,8849,en
2034,78698,en
2035,30943,en
2036,9544,en
2037,9544,ru
2038,24418,en
2039,7288,en
2040,14655,en
2041,24575,en
2042,10366,en
2043,19898,en
2044,19898,vi
2045,19898,de
2046,4965,en
2047,15074,en
2048,56715,en
2049,56715,fr
2050,1272,en
2051,72358,en
2052,20542,en
2053,20542,pl
2054,266396,es
2055,266396,en
2056,9978,en
2057,8271,en
2058,8271,es
2059,10428,en
2060,10428,it
2061,10428,ja
2062,10428,ru
2063,5353,en
2064,5353,hu
2065,5353,sh
2066,11934,en
2067,14392,zh
2068,19495,en
2069,19495,kk
2070,19495,ro
2071,110415,en
2072,110415,fr
2073,110415,ja
2074,110415,ko
2075,77459,fr
2076,26486,en
2077,9495,en
2078,256040,ml
2079,256040,te
2080,256040,hi
2081,256040,ta
2082,24420,en
2083,1257,en
2084,62214,en
2085,16320,en
2086,16320,zh
2087,8842,en
2088,9531,en
2089,9531,it
2090,9531,es
2091,9531,th
2092,64807,en
2093,12289,zh
2094,12289,th
2095,11529,en
2096,20943,en
2097,9099,en
2098,9488,en
2099,193,en
2100,44865,cn
2101,44865,ja
2102,44865,zh
2103,55787,en
2104,55787,pl
2105,257932,cn
2106,257932,en
2107,257932,zh
2108,257932,ru
2109,10400,en
2110,1957,en
2111,10833,en
2112,10833,ru
2113,256961,en
2114,5852,en
2115,12312,en
2116,622,en
2117,622,fr
2118,622,la
2119,622,pl
2120,622,pt
2121,622,es
2122,11306,en
2123,12508,en
2124,25793,en
2125,25793,it
2126,10534,da
2127,10534,en
2128,10534,fr
2129,10534,de
2130,1091,en
2131,1091,no
2132,87421,en
2133,10871,en
2134,13503,en
2135,13600,en
2136,68722,en
2137,14324,en
2138,14324,ru
2139,14325,en
2140,299687,en
2141,312221,en
2142,23168,en
2143,76494,en
2144,4944,en
2145,10488,en
2146,96721,en
2147,96721,de
2148,96721,it
2149,96721,fr
2150,334,en
2151,334,fr
2152,334,de
2153,23742,en
2154,23742,es
2155,259694,en
2156,62837,en
2157,8966,en
2158,8470,en
2159,8470,es
2160,11001,en
2161,138832,en
2162,16911,ru
2163,2163,en
2164,36670,en
2165,36670,fr
2166,36670,ar
2167,36670,es
2168,23048,ru
2169,23048,en
2170,227735,en
2171,2155,en
2172,8409,en
2173,8409,es
2174,222936,ru
2175,222936,en
2176,31908,en
2177,10219,de
2178,10219,ja
2179,10219,en
2180,48171,en
2181,48171,it
2182,48171,hu
2183,48171,ru
2184,48171,la
2185,48171,cy
2186,782,en
2187,782,eo
2188,75531,en
2189,11802,en
2190,9776,en
2191,18785,en
2192,365222,cn
2193,365222,en
2194,365222,zh
2195,365222,th
2196,817,de
2197,817,en
2198,268,en
2199,268,fr
2200,45054,en
2201,943,en
2202,22881,en
2203,10054,es
2204,10054,en
2205,51540,en
2206,44264,en
2207,350,en
2208,350,fr
2209,152,en
2210,109431,en
2211,1598,en
2212,8065,en
2213,271718,en
2214,11638,fr
2215,11638,en
2216,11638,pl
2217,11638,pt
2218,409,de
2219,409,it
2220,409,ar
2221,409,en
2222,2118,en
2223,11459,en
2224,10806,en
2225,9348,en
2226,377,en
2227,8843,en
2228,9313,en
2229,39486,en
2230,1273,en
2231,13920,en
2232,50544,en
2233,325133,en
2234,140823,en
2235,1883,ar
2236,1883,en
2237,89492,en
2238,22949,en
2239,22949,uk
2240,12437,en
2241,2959,en
2242,9957,en
2243,9957,es
2244,11648,en
2245,11648,hy
2246,9366,ja
2247,9366,en
2248,9366,it
2249,1576,en
2250,609,en
2251,5516,en
2252,5516,vi
2253,13051,en
2254,13051,ru
2255,13051,es
2256,49530,en
2257,34806,en
2258,49022,en
2259,11469,en
2260,23479,en
2261,23479,es
2262,11667,en
2263,11667,ja
2264,423,en
2265,423,de
2266,423,ru
2267,2447,en
2268,2447,pt
2269,10066,en
2270,10066,ru
2271,2288,en
2272,88794,en
2273,13515,en
2274,11979,en
2275,169,en
2276,8090,en
2277,11622,la
2278,11622,en
2279,11622,fr
2280,11622,de
2281,3604,en
2282,9541,en
2283,94348,en
2284,94348,de
2285,8197,en
2286,336004,en
2287,35019,en
2288,10410,en
2289,10410,it
2290,10410,la
2291,8836,en
2292,14442,en
2293,321741,en
2294,59965,en
2295,14175,en
2296,11004,en
2297,11918,en
2298,98357,en
2299,10012,en
2300,49526,zh
2301,49526,en
2302,268920,es
2303,268920,en
2304,9093,en
2305,119283,en
2306,11823,en
2307,35169,en
2308,118957,en
2309,849,en
2310,4515,en
2311,18886,en
2312,6575,en
2313,6440,en
2314,13496,en
2315,18320,en
2316,18320,hu
2317,22787,en
2318,22787,ru
2319,8967,en
2320,37498,en
2321,37498,it
2322,144336,en
2323,9616,en
2324,13056,ru
2325,13056,en
2326,14113,en
2327,285783,fr
2328,285783,en
2329,49478,en
2330,49478,zh
2331,9726,en
2332,9726,fr
2333,9726,ru
2334,20763,en
2335,9702,en
2336,9311,en
2337,9311,iu
2338,9280,en
2339,9280,fr
2340,9280,es
2341,26843,en
2342,26843,fr
2343,26843,es
2344,11876,fr
2345,11876,it
2346,22267,en
2347,45958,cn
2348,45958,zh
2349,45958,es
2350,45958,wo
2351,1969,en
2352,1969,es
2353,310706,en
2354,198663,en
2355,239573,en
2356,10436,en
2357,10436,it
2358,1381,en
2359,2162,en
2360,127493,sv
2361,127493,en
2362,12429,ja
2363,228205,en
2364,2900,en
2365,21311,en
2366,77875,en
2367,192136,en
2368,192136,af
2369,192136,xh
2370,18254,de
2371,18254,fi
2372,18254,fr
2373,18254,ru
2374,18254,en
2375,881,en
2376,10877,it
2377,9600,en
2378,202575,de
2379,202575,fr
2380,202575,en
2381,71469,en
2382,85446,en
2383,326,en
2384,326,th
2385,10685,vi
2386,10685,en
2387,7220,en
2388,9763,en
2389,9763,es
2390,72387,en
2391,72387,zh
2392,72387,ru
2393,12596,en
2394,1892,en
2395,13460,en
2396,8055,en
2397,8055,de
2398,8055,el
2399,8055,la
2400,50647,en
2401,10719,en
2402,9294,en
2403,11888,en
2404,9647,en
2405,9353,es
2406,9353,en
2407,55721,en
2408,109414,en
2409,10307,en
2410,10307,it
2411,10307,pt
2412,11978,en
2413,22907,en
2414,87567,en
2415,87567,es
2416,87567,la
2417,38322,en
2418,45612,en
2419,7305,en
2420,7305,pt
2421,3594,en
2422,157841,en
2423,11519,en
2424,11519,de
2425,11519,ja
2426,12920,en
2427,59,en
2428,9335,en
2429,9335,fr
2430,9335,it
2431,12106,en
2432,11141,en
2433,8649,en
2434,31867,en
2435,10253,en
2436,10253,ko
2437,3587,en
2438,124459,en
2439,24662,en
2440,24662,de
2441,32274,en
2442,182,en
2443,182,de
2444,182,zh
2445,182,ru
2446,5494,en
2447,28,km
2448,28,en
2449,28,fr
2450,28,vi
2451,38073,en
2452,2054,en
2453,302156,en
2454,606,en
2455,606,sw
2456,87502,en
2457,698,en
2458,698,it
2459,120467,en
2460,120467,fr
2461,11313,en
2462,6488,en
2463,6488,es
2464,10559,en
2465,296099,en
2466,8012,en
2467,1574,hu
2468,1574,en
2469,9032,en
2470,9032,it
2471,2770,en
2472,862,en
2473,1637,en
2474,72570,en
2475,27569,en
2476,10637,en
2477,1669,en
2478,1669,ru
2479,132363,en
2480,9472,en
2481,9472,de
2482,2907,en
2483,9273,en
2484,9880,en
2485,2925,en
2486,807,en
2487,17654,af
2488,17654,ny
2489,17654,st
2490,17654,xh
2491,17654,zu
2492,17654,en
2493,11836,en
2494,322,en
2495,70,en
2496,70,ga
2497,9535,en
2498,11036,en
2499,6557,en
2500,18126,en
2501,16340,en
2502,10333,en
2503,4476,kw
2504,4476,en
2505,22947,en
2506,2755,en
2507,82654,en
2508,59967,en
2509,16300,en
2510,9598,en
2511,82696,en
2512,9870,en
2513,9870,ja
2514,9870,de
2515,8292,es
2516,8292,en
2517,8780,en
2518,9715,en
2519,10521,en
2520,10762,en
2521,10096,en
2522,10096,fr
2523,10096,pt
2524,59436,en
2525,59436,fr
2526,59436,de
2527,59436,es
2528,227783,en
2529,4133,en
2530,10207,en
2531,172,en
2532,21972,en
2533,36593,en
2534,707,en
2535,533,en
2536,6023,en
2537,6439,en
2538,4347,en
2539,4347,fr
2540,37056,en
2541,37056,it
2542,37056,es
2543,4105,en
2544,4105,ja
2545,76489,en
2546,3933,en
2547,9918,en
2548,273481,es
2549,273481,en
2550,307081,en
2551,16871,en
2552,16871,es
2553,16871,hu
2554,16871,cs
2555,293863,en
2556,13156,en
2557,41233,en
2558,9266,en
2559,1262,en
2560,4513,en
2561,22970,en
2562,22970,ja
2563,7278,en
2564,9013,cs
2565,9013,en
2566,865,en
2567,10776,en
2568,50456,en
2569,50456,fr
2570,50456,de
2571,50456,it
2572,50456,ar
2573,50456,es
2574,9823,en
2575,59861,en
2576,133805,en
2577,12763,en
2578,9766,en
2579,14034,en
2580,12244,en
2581,109421,en
2582,109421,fr
2583,11137,da
2584,11137,de
2585,11137,en
2586,51162,en
2587,10152,en
2588,9452,en
2589,239566,en
2590,53113,en
2591,9271,en
2592,4474,en
2593,184346,en
2594,48340,en
2595,14846,en
2596,72207,en
2597,16232,en
2598,43539,en
2599,9920,en
2600,9920,vi
2601,8978,en
2602,8978,sr
2603,8978,es
2604,11702,cn
2605,11702,cs
2606,11702,en
2607,18550,en
2608,8869,en
2609,43347,en
2610,3489,en
2611,9701,en
2612,2122,en
2613,2122,he
2614,2122,hu
2615,37707,en
2616,10658,pt
2617,10658,en
2618,13150,en
2619,9042,cs
2620,9042,en
2621,17813,en
2622,17813,fr
2623,11208,en
2624,58151,en
2625,11400,en
2626,10350,en
2627,28902,en
2628,14164,en
2629,14164,ja
2630,14164,hi
2631,76640,en
2632,11058,en
2633,14844,en
2634,14844,fr
2635,14844,he
2636,14844,it
2637,14844,es
2638,14844,de
2639,57089,en
2640,1947,en
2641,1947,fr
2642,8054,en
2643,8054,ru
2644,8054,fr
2645,46829,en
2646,146238,en
2647,9989,en
2648,9665,en
2649,311,en
2650,311,fr
2651,311,it
2652,102362,en
2653,102362,fr
2654,102362,sq
2655,102362,es
2656,11162,en
2657,6016,en
2658,17186,en
2659,13967,en
2660,2008,en
2661,2008,de
2662,2008,zh
2663,9053,en
2664,4512,en
2665,76349,fr
2666,76349,zh
2667,76349,en
2668,31203,fr
2669,265208,en
2670,45610,ar
2671,45610,en
2672,50135,de
2673,1874,en
2674,1874,xh
2675,271331,en
2676,215211,fr
2677,215211,en
2678,367961,ru
2679,10955,en
2680,223702,en
2681,254470,en
2682,69,en
2683,69,ru
2684,4967,he
2685,4967,en
2686,4967,es
2687,9449,en
2688,11499,en
2689,11499,es
2690,4912,en
2691,12771,es
2692,12771,en
2693,323676,en
2694,12506,en
2695,24071,en
2696,11249,en
2697,9667,en
2698,812,en
2699,277216,en
2700,87,en
2701,87,si
2702,14444,en
2703,2043,en
2704,2043,ru
2705,315664,en
2706,1428,en
2707,1428,es
2708,562,en
2709,562,de
2710,562,it
2711,15373,en
2712,318846,en
2713,26320,en
2714,14292,en
2715,924,en
2716,924,it
2717,2018,en
2718,192577,ja
2719,9428,en
2720,9428,it
2721,2832,en
2722,137093,en
2723,699,el
2724,699,en
2725,699,it
2726,9778,en
2727,8831,en
2728,9398,en
2729,112949,en
2730,112949,pt
2731,10439,en
2732,3638,en
2733,23483,en
2734,62206,en
2735,62206,de
2736,62206,es
2737,10577,en
2738,218778,en
2739,4348,en
2740,78,en
2741,78,de
2742,78,cn
2743,78,ja
2744,78,hu
2745,11780,en
2746,192102,en
2747,2001,en
2748,2001,ru
2749,10383,en
2750,10383,fr
2751,11516,en
2752,11516,fr
2753,10025,en
2754,15198,en
2755,23172,en
2756,17834,en
2757,10016,en
2758,10317,en
2759,58431,en
2760,9746,en
2761,9746,zh
2762,9746,bo
2763,13092,en
2764,59859,en
2765,13495,es
2766,254473,en
2767,700,de
2768,700,en
2769,700,ru
2770,700,es
2771,4964,en
2772,10024,hr
2773,10024,en
2774,13490,en
2775,15927,en
2776,15927,hi
2777,1259,en
2778,1259,fr
2779,5125,ar
2780,5125,en
2781,174,en
2782,9583,en
2783,9437,en
2784,9437,zh
2785,525,en
2786,10188,en
2787,63574,en
2788,245,en
2789,9825,en
2790,186,en
2791,9549,en
2792,9549,ru
2793,61891,en
2794,34584,en
2795,2666,en
2796,12783,en
2797,13155,en
2798,42807,en
2799,28355,en
2800,8080,en
2801,5126,en
2802,56288,en
2803,303858,en
2804,1613,en
2805,31582,en
2806,16617,en
2807,8944,fr
2808,8944,en
2809,8944,he
2810,41488,fr
2811,41488,de
2812,41488,en
2813,41488,it
2814,41488,la
2815,37028,en
2816,14560,en
2817,10330,zh
2818,10330,en
2819,6957,en
2820,6957,es
2821,1934,en
2822,169917,en
2823,951,en
2824,951,es
2825,10189,en
2826,9454,en
2827,2055,en
2828,1551,en
2829,1551,fr
2830,1551,es
2831,5902,en
2832,5902,nl
2833,5902,pl
2834,5902,de
2835,5902,la
2836,11460,en
2837,11460,ru
2838,9358,en
2839,134,en
2840,22894,en
2841,134374,en
2842,1901,en
2843,1901,it
2844,15028,cs
2845,15028,en
2846,11509,en
2847,7445,en
2848,7445,fr
2849,17047,en
2850,62838,en
2851,2057,en
2852,2057,de
2853,2057,ja
2854,2057,la
2855,2057,es
2856,70436,en
2857,16784,en
2858,8011,en
2859,31640,en
2860,9092,en
2861,2779,en
2862,2779,pl
2863,316002,en
2864,36355,en
2865,238615,en
2866,1985,de
2867,1985,en
2868,1985,it
2869,1985,sw
2870,615,he
2871,615,la
2872,788,en
2873,380,it
2874,380,en
2875,13223,en
2876,10523,es
2877,10523,en
2878,8681,en
2879,8681,fr
2880,8681,ar
2881,8681,sq
2882,239571,en
2883,619,en
2884,424,de
2885,424,pl
2886,424,he
2887,424,en
2888,50014,en
2889,162903,en
2890,11024,en
2891,208763,en
2892,208763,ru
2893,6466,en
2894,254024,en
2895,254024,fr
2896,12589,en
2897,7191,ru
2898,7191,en
2899,1497,en
2900,117,en
2901,6977,en
2902,6977,es
2903,168530,en
2904,634,en
2905,392,en
2906,392,fr
2907,10327,en
2908,88042,en
2909,41630,en
2910,11969,en
2911,11969,la
2912,11969,es
2913,2085,en
2914,2085,zh
2915,794,en
2916,794,it
2917,794,la
2918,9286,en
2919,77877,en
2920,1265,en
2921,866,en
2922,175555,en
2923,75174,en
2924,11096,en
2925,8699,en
2926,769,it
2927,769,en
2928,10923,en
2929,11283,en
2930,111,en
2931,111,es
2932,11676,en
2933,746,cs
2934,746,en
2935,746,ja
2936,746,zh
2937,746,ru
2938,77866,en
2939,9416,en
2940,7345,en
2941,14317,en
2942,14317,it
2943,20694,en
2944,12277,en
2945,9779,en
2946,9779,el
2947,9779,es
2948,2140,en
2949,2140,fr
2950,2140,zh
2951,12620,en
2952,14177,en
2953,198185,hi
2954,198185,en
2955,227156,en
2956,10735,en
2957,11351,en
2958,10030,en
2959,10623,en
2960,10623,ko
2961,10623,ru
2962,590,en
2963,9655,en
2964,1268,en
2965,11237,en
2966,11237,ru
2967,190955,es
2968,190955,en
2969,190955,it
2970,5123,en
2971,4518,fr
2972,4518,en
2973,11932,en
2974,11165,en
2975,11165,ja
2976,6116,en
2977,57431,en
2978,21724,en
2979,278,en
2980,9290,en
2981,11543,en
2982,284536,en
2983,152737,en
2984,13374,en
2985,8976,en
2986,319888,en
2987,319888,de
2988,319888,no
2989,9469,en
2990,1909,en
2991,22971,en
2992,34813,en
2993,46261,en
2994,10431,cn
2995,10431,en
2996,10431,ja
2997,10431,zh
2998,8051,en
2999,9352,en
3000,9352,fr
3001,9352,it
3002,9352,ja
3003,9352,de
3004,10167,en
3005,18147,en
3006,17170,en
3007,18975,en
3008,18975,it
3009,15487,en
3010,22825,en
3011,11152,en
3012,11152,pl
3013,11152,ru
3014,1831,fr
3015,1831,en
3016,43931,en
3017,10591,en
3018,10861,en
3019,12770,en
3020,276907,en
3021,10074,en
3022,65055,en
3023,65055,pt
3024,10397,en
3025,200505,en
3026,11954,en
3027,11954,es
3028,60309,en
3029,9787,en
3030,9787,es
3031,293646,es
3032,293646,en
3033,6978,cn
3034,6978,en
3035,133698,fr
3036,133698,it
3037,133698,pl
3038,59440,en
3039,1770,en
3040,10655,en
3041,8988,en
3042,15992,it
3043,15992,en
3044,17707,en
3045,17707,th
3046,77883,en
3047,40001,en
3048,64639,en
3049,9903,en
3050,21338,en
3051,20766,en
3052,24264,en
3053,19803,en
3054,20309,en
3055,9912,en
3056,9912,fr
3057,9912,ru
3058,9067,en
3059,27360,en
3060,8338,ja
3061,8338,en
3062,168705,en
3063,168705,pt
3064,72113,en
3065,9729,en
3066,94352,en
3067,22256,en
3068,12404,en
3069,152742,en
3070,11699,es
3071,11699,en
3072,49953,en
3073,48034,fr
3074,39845,en
3075,25353,cs
3076,25353,en
3077,25353,fr
3078,25353,pl
3079,36696,ru
3080,109091,en
3081,38543,da
3082,38543,en
3083,38543,hu
3084,38543,la
3085,33157,en
3086,33157,ru
3087,290864,cn
3088,290864,zh
3089,242166,en
3090,859,en
3091,83770,en
3092,83770,fr
3093,168,en
3094,168,fi
3095,1246,en
3096,1246,es
3097,4233,en
3098,174751,en
3099,184098,en
3100,2069,en
3101,2069,fr
3102,2069,es
3103,1788,en
3104,11635,en
3105,177,en
3106,3600,en
3107,2621,en
3108,2621,it
3109,10358,en
3110,10480,es
3111,10480,en
3112,10313,en
3113,18828,en
3114,3558,en
3115,13476,en
3116,10208,en
3117,24961,en
3118,20697,en
3119,20761,en
3120,20761,fr
3121,70868,en
3122,43593,en
3123,6478,en
3124,40688,en
3125,26672,en
3126,45881,en
3127,41283,en
3128,4935,ja
3129,19908,en
3130,10663,en
3131,1891,en
3132,9737,en
3133,37137,en
3134,9532,en
3135,9532,fr
3136,10316,en
3137,2787,en
3138,12658,en
3139,152601,en
3140,10866,en
3141,227707,en
3142,21349,en
3143,19150,en
3144,19150,es
3145,70435,en
3146,70435,es
3147,580,en
3148,9819,en
3149,9819,es
3150,13579,en
3151,20024,en
3152,20024,fr
3153,2453,en
3154,6973,en
3155,11156,fr
3156,11156,en
3157,354110,en
3158,22215,en
3159,22215,fr
3160,22215,it
3161,22215,la
3162,11632,en
3163,11632,fr
3164,11632,de
3165,30596,zh
3166,30596,cn
3167,30596,en
3168,3021,en
3169,957,en
3170,256917,ru
3171,256917,tr
3172,256917,el
3173,256917,en
3174,251,en
3175,544,en
3176,11395,en
3177,14635,en
3178,13680,en
3179,688,en
3180,11090,en
3181,783,en
3182,783,hi
3183,228194,hi
3184,228194,en
3185,228194,fr
3186,1642,en
3187,1642,es
3188,10950,en
3189,235260,en
3190,235260,he
3191,277,en
3192,8999,en
3193,8999,fr
3194,11323,en
3195,10445,en
3196,11453,nl
3197,11453,en
3198,11453,pl
3199,11453,pt
3200,146239,en
3201,205588,ru
3202,205588,en
3203,205588,fr
3204,10878,en
3205,10878,pl
3206,10878,pt
3207,10878,es
3208,82650,en
3209,10279,en
3210,10279,it
3211,2294,en
3212,2176,es
3213,2176,en
3214,270487,en
3215,19366,en
3216,204082,en
3217,24100,en
3218,24100,de
3219,1599,en
3220,5550,en
3221,5550,ja
3222,30379,en
3223,42586,de
3224,42586,en
3225,17709,en
3226,287948,en
3227,7548,en
3228,9075,nl
3229,9075,de
3230,9075,en
3231,9075,he
3232,11661,en
3233,11661,fr
3234,11661,de
3235,11661,la
3236,109513,en
3237,109513,fr
3238,109513,pl
3239,12085,en
3240,204922,en
3241,38985,en
3242,38985,fr
3243,38985,de
3244,38985,es
3245,44113,en
3246,21494,fr
3247,21494,hu
3248,164457,en
3249,4566,en
3250,17795,en
3251,1073,en
3252,153158,es
3253,153158,en
3254,81836,it
3255,81836,en
3256,10724,ru
3257,10724,en
3258,9473,en
3259,2196,en
3260,1499,en
3261,20857,en
3262,82693,en
3263,1646,en
3264,1646,es
3265,44944,en
3266,4108,en
3267,4108,fr
3268,4108,zh
3269,8456,en
3270,7341,en
3271,19255,en
3272,10187,en
3273,31005,en
3274,31005,he
3275,49517,fr
3276,49517,en
3277,49517,ru
3278,49517,hu
3279,44857,en
3280,50780,en
3281,16363,en
3282,1946,en
3283,85,en
3284,85,es
3285,85,de
3286,85,he
3287,85,ar
3288,85,ne
3289,772,en
3290,772,fr
3291,840,hi
3292,840,en
3293,840,fr
3294,840,es
3295,9682,en
3296,9682,pl
3297,96,en
3298,10678,en
3299,10678,fr
3300,274,en
3301,8872,cn
3302,8872,en
3303,16290,ro
3304,16290,en
3305,579,en
3306,14405,en
3307,138843,en
3308,11637,en
3309,226486,en
3310,1584,en
3311,9312,en
3312,12153,en
3313,65057,en
3314,8326,en
3315,35690,en
3316,76203,en
3317,13497,en
3318,35688,en
3319,162,en
3320,296096,en
3321,103370,en
3322,1051,en
3323,1051,fr
3324,376659,ru
3325,376659,en
3326,10073,en
3327,16690,en
3328,273895,en
3329,14873,en
3330,8968,en
3331,8968,fr
3332,8968,pl
3333,9963,en
3334,15655,en
3335,21208,en
3336,21208,et
3337,21208,fr
3338,272878,en
3339,9760,en
3340,314365,en
3341,13279,en
3342,1975,en
3343,1975,ja
3344,1975,ru
3345,33644,en
3346,1649,en
3347,9895,en
3348,9570,en
3349,27579,en
3350,27579,it
3351,16052,es
3352,16052,en
3353,40264,en
3354,40264,es
3355,1164,ar
3356,1164,en
3357,1164,es
3358,1164,fr
3359,1164,ja
3360,1164,ru
3361,239678,en
3362,14359,en
3363,3989,ar
3364,3989,en
3365,3989,fr
3366,3989,ko
3367,76617,en
3368,1710,en
3369,1710,de
3370,4258,en
3371,20391,en
3372,20391,es
3373,10139,en
3374,335778,en
3375,9645,en
3376,9645,it
3377,9645,es
3378,55465,en
3379,617,en
3380,19904,en
3381,48289,ru
3382,48289,en
3383,48289,de
3384,243,da
3385,243,en
3386,6933,en
3387,17182,en
3388,17182,fr
3389,17182,ko
3390,17182,es
3391,8848,en
3392,38,en
3393,38303,en
3394,1266,en
3395,1266,tr
3396,107985,en
3397,14043,cs
3398,14043,en
3399,19901,en
3400,34016,en
3401,59860,en
3402,10069,en
3403,9588,en
3404,12819,en
3405,9954,en
3406,10115,en
3407,25132,en
3408,577,en
3409,328387,en
3410,12690,en
3411,12690,es
3412,9945,en
3413,9945,la
3414,539,en
3415,13596,en
3416,226857,en
3417,13159,en
3418,13159,fr
3419,13159,de
3420,47941,en
3421,526,en
3422,22796,en
3423,2355,en
3424,5915,da
3425,5915,en
3426,9842,en
3427,61012,en
3428,755,en
3429,755,es
3430,13682,en
3431,9089,en
3432,9089,es
3433,9470,cn
3434,18357,en
3435,7979,en
3436,7979,pt
3437,7979,ps
3438,7979,ru
3439,7979,ur
3440,470,en
3441,15644,en
3442,15644,es
3443,9582,en
3444,10642,en
3445,22074,en
3446,22074,pl
3447,2428,en
3448,290751,en
3449,13805,en
3450,4597,en
3451,4597,de
3452,9414,en
3453,63492,en
3454,81796,en
3455,10710,en
3456,15092,en
3457,11382,en
3458,15005,en
3459,8198,en
3460,8198,fr
3461,8198,vi
3462,6963,cs
3463,6963,en
3464,15070,en
3465,12797,en
3466,12797,es
3467,17134,cs
3468,17134,en
3469,41402,en
3470,18885,en
3471,18885,fr
3472,4953,en
3473,10773,en
3474,146198,en
3475,2639,en
3476,10563,en
3477,295964,fr
3478,295964,en
3479,5971,en
3480,5971,hu
3481,5971,it
3482,9716,en
3483,11835,en
3484,26171,en
3485,31117,en
3486,9074,en
3487,14396,en
3488,15673,en
3489,42618,en
3490,171274,en
3491,24432,en
3492,109417,en
3493,13948,en
3494,106747,en
3495,106747,es
3496,10929,en
3497,14220,en
3498,46435,en
3499,46435,fr
3500,46435,de
3501,46435,it
3502,46435,ja
3503,256962,en
3504,48231,en
3505,3509,en
3506,82684,en
3507,12142,en
3508,12142,pt
3509,23367,en
3510,10740,en
3511,241239,es
3512,241239,en
3513,14582,en
3514,14582,de
3515,14914,en
3516,3902,en
3517,77948,en
3518,77948,es
3519,21755,en
3520,21755,fr
3521,21755,cs
3522,21755,ja
3523,4960,en
3524,128,ja
3525,14652,it
3526,14652,fr
3527,14652,de
3528,14652,en
3529,40932,en
3530,16608,en
3531,334531,en
3532,32316,en
3533,7299,en
3534,13405,ja
3535,13405,zh
3536,13405,en
3537,19457,en
3538,19457,es
3539,112937,en
3540,314385,uk
3541,314385,en
3542,314385,fr
3543,8953,en
3544,8953,ja
3545,8953,pl
3546,29078,en
3547,46503,en
3548,10448,en
3549,13688,cn
3550,10353,fr
3551,43935,en
3552,43935,tr
3553,11458,en
3554,44638,en
3555,241257,en
3556,14538,zh
3557,13250,en
3558,133931,en
3559,280871,ta
3560,239897,en
3561,184341,en
3562,184341,es
3563,334074,en
3564,199373,en
3565,14202,fr
3566,14202,zh
3567,14202,en
3568,6968,en
3569,6968,fr
3570,6968,de
3571,6968,sv
3572,581,en
3573,52449,en
3574,12150,en
3575,11247,cs
3576,11247,en
3577,11247,de
3578,4232,en
3579,9378,en
3580,694,en
3581,105,en
3582,11377,en
3583,26367,en
3584,385383,pt
3585,385383,en
3586,41210,en
3587,12090,en
3588,12090,it
3589,12090,de
3590,12090,fr
3591,62630,en
3592,16110,en
3593,16110,de
3594,29427,en
3595,129,ja
3596,244114,zh
3597,244114,cn
3598,2669,en
3599,203833,en
3600,203833,de
3601,13523,en
3602,25195,en
3603,17277,en
3604,50725,en
3605,82631,en
3606,73191,en
3607,22479,en
3608,340611,en
3609,10065,en
3610,2757,en
3611,2757,la
3612,11683,en
3613,11683,fr
3614,11683,it
3615,11683,pl
3616,11683,es
3617,244339,cn
3618,1878,en
3619,23082,en
3620,23082,pt
3621,195589,en
3622,854,sv
3623,854,en
3624,2280,en
3625,496,en
3626,496,he
3627,496,kk
3628,8835,en
3629,157,en
3630,157,ru
3631,8643,en
3632,10402,en
3633,218043,en
3634,9043,en
3635,21301,en
3636,10147,en
3637,816,en
3638,302688,en
3639,60307,en
3640,106,en
3641,106,es
3642,279,en
3643,279,de
3644,279,it
3645,279,la
3646,8617,it
3647,8617,en
3648,10625,sw
3649,10625,en
3650,10625,de
3651,10625,vi
3652,10934,cs
3653,10934,en
3654,10934,fr
3655,10934,de
3656,10934,it
3657,10934,pl
3658,10934,es
3659,5279,en
3660,10013,en
3661,194662,en
3662,160588,en
3663,9829,en
3664,9829,ar
3665,9829,de
3666,10028,en
3667,10535,en
3668,790,en
3669,43959,en
3670,10364,en
3671,10364,it
3672,16991,en
3673,9610,en
3674,1578,en
3675,25643,en
3676,11904,en
3677,28665,en
3678,44115,en
3679,10569,en
3680,10560,en
3681,333348,en
3682,20483,en
3683,11457,en
3684,321697,en
3685,19840,en
3686,22327,en
3687,22327,fr
3688,38665,en
3689,2575,en
3690,2575,es
3691,11644,en
3692,146227,en
3693,68924,en
3694,253235,en
3695,22102,en
3696,18701,en
3697,10068,en
3698,848,en
3699,848,hu
3700,36811,en
3701,522,en
3702,130150,en
3703,12246,zh
3704,12246,mn
3705,13809,en
3706,13809,ru
3707,27380,en
3708,10549,en
3709,33870,en
3710,33870,zh
3711,245703,en
3712,10739,en
3713,127560,en
3714,37903,de
3715,37903,it
3716,37903,la
3717,37903,pl
3718,396152,en
3719,10017,en
3720,11468,en
3721,193613,en
3722,17436,en
3723,43434,fr
3724,43434,de
3725,43434,en
3726,43434,es
3727,43434,ar
3728,43434,hu
3729,43434,ja
3730,43434,ru
3731,31166,en
3732,69848,en
3733,8408,en
3734,332411,en
3735,9389,en
3736,9389,fr
3737,9626,en
3738,75638,en
3739,8363,en
3740,15670,en
3741,290555,en
3742,8328,ru
3743,8328,en
3744,10982,en
3745,205,en
3746,205,fr
3747,1620,en
3748,1620,ru
3749,1620,sr
3750,175541,en
3751,241254,en
3752,31932,en
3753,1933,fr
3754,1933,en
3755,679,en
3756,11113,en
3757,3597,en
3758,193893,en
3759,9675,hy
3760,9675,en
3761,9988,en
3762,9988,de
3763,948,en
3764,21765,de
3765,146304,en
3766,7516,en
3767,41439,en
3768,2752,en
3769,9429,en
3770,38117,en
3771,9792,en
3772,13778,en
3773,228203,en
3774,228203,it
3775,41382,en
3776,13960,en
3777,114150,en
3778,26602,en
3779,10223,en
3780,16028,en
3781,15639,en
3782,16112,en
3783,26390,en
3784,27759,en
3785,109428,en
3786,23049,en
3787,9310,en
3788,9310,es
3789,11411,en
3790,11411,fr
3791,11411,it
3792,11411,ru
3793,11411,th
3794,16988,en
3795,7304,en
3796,7304,ru
3797,24747,en
3798,58048,en
3799,1491,en
3800,2989,en
3801,10629,en
3802,255343,es
3803,255343,en
3804,4723,en
3805,10800,fr
3806,25763,es
3807,25763,en
3808,79694,en
3809,4032,cs
3810,4032,en
3811,18615,en
3812,10673,en
3813,4584,en
3814,2977,en
3815,2977,tr
3816,10760,en
3817,11093,en
3818,11093,fa
3819,207,en
3820,8467,en
3821,639,en
3822,24226,en
3823,9285,en
3824,14709,en
3825,74643,fr
3826,13788,en
3827,13788,he
3828,83666,en
3829,10781,en
3830,318850,en
3831,13908,en
3832,1417,es
3833,39180,fr
3834,16161,en
3835,49950,en
3836,10956,en
3837,9594,en
3838,4638,en
3839,13972,en
3840,5038,es
3841,5038,en
3842,13491,ar
3843,13491,en
3844,13491,sv
3845,10571,en
3846,10994,en
3847,19994,es
3848,19994,en
3849,25166,en
3850,30890,en
3851,23169,en
3852,17403,en
3853,12120,en
3854,9800,en
3855,1090,en
3856,18475,en
3857,40160,en
3858,40160,fr
3859,40160,ru
3860,18074,en
3861,9689,zh
3862,9689,en
3863,9781,en
3864,8009,en
3865,3877,en
3866,8854,en
3867,152599,la
3868,152599,en
3869,152599,pl
3870,18840,en
3871,18840,fr
3872,18840,zh
3873,18840,ru
3874,18840,es
3875,68727,en
3876,68727,fr
3877,12657,es
3878,12657,en
3879,8265,fr
3880,12410,en
3881,34647,en
3882,34647,ja
3883,73935,en
3884,28178,en
3885,28178,ja
3886,185567,en
3887,264656,en
3888,35696,en
3889,16351,hy
3890,16351,en
3891,16351,fr
3892,16351,de
3893,16351,tr
3894,38717,en
3895,18777,en
3896,2110,fr
3897,2110,ja
3898,2110,ru
3899,9035,en
3900,9035,fr
3901,90,en
3902,771,en
3903,12154,en
3904,12154,fr
3905,12154,ru
3906,9576,en
3907,744,en
3908,146,zh
3909,14,en
3910,45269,en
3911,9493,en
3912,22556,en
3913,873,en
3914,33196,en
3915,33196,ko
3916,205596,en
3917,10765,en
3918,16769,en
3919,33217,en
3920,132232,en
3921,11153,en
3922,208134,en
3923,1165,de
3924,1165,en
3925,1165,fr
3926,4011,en
3927,17202,en
3928,9587,en
3929,9587,de
3930,9587,fr
3931,65086,en
3932,10053,en
3933,11870,en
3934,11870,fr
3935,11870,it
3936,11778,en
3937,11778,fr
3938,11778,ru
3939,11778,vi
3940,586,sq
3941,586,en
3942,18736,it
3943,18736,en
3944,134411,en
3945,134411,es
3946,287903,de
3947,287903,en
3948,9276,en
3949,15765,en
3950,2142,en
3951,11397,en
3952,77016,en
3953,77016,es
3954,11478,en
3955,266856,la
3956,266856,en
3957,266856,fr
3958,266856,it
3959,13411,en
3960,10564,en
3961,947,ar
3962,947,en
3963,947,tr
3964,24150,en
3965,228970,en
3966,18405,en
3967,6961,en
3968,11442,en
3969,2493,en
3970,14047,en
3971,64690,en
3972,11132,en
3973,17127,en
3974,1562,en
3975,232679,en
3976,17880,en
3977,14736,en
3978,14736,es
3979,9434,en
3980,23706,es
3981,23706,en
3982,11531,en
3983,9100,en
3984,116,en
3985,38843,en
3986,1245,en
3987,4995,en
3988,10413,en
3989,14012,en
3990,9793,en
3991,9793,es
3992,12212,en
3993,13768,en
3994,13768,fr
3995,8975,ar
3996,8975,en
3997,342521,en
3998,45272,en
3999,9424,en
4000,97367,en
4001,97367,es
4002,254904,en
4003,18681,en
4004,18681,fr
4005,12162,en
4006,12162,ar
4007,12162,tr
4008,11495,en
4009,11495,it
4010,64689,en
4011,157849,en
4012,13166,en
4013,37003,en
4014,12211,en
4015,12211,fr
4016,12211,gd
4017,13816,en
4018,51828,en
4019,22798,en
4020,7501,cs
4021,7501,en
4022,10743,en
4023,37718,en
4024,15237,en
4025,15237,fr
4026,15237,it
4027,9686,en
4028,17644,en
4029,97430,en
4030,12257,en
4031,13539,en
4032,68,en
4033,14024,en
4034,14024,fr
4035,115,en
4036,115,he
4037,115,es
4038,115,de
4039,7874,cs
4040,7874,en
4041,4911,en
4042,1988,en
4043,1988,fr
4044,1988,ur
4045,16222,en
4046,9557,en
4047,9557,es
4048,9557,sv
4049,9026,de
4050,9026,en
4051,18276,en
4052,8321,en
4053,72359,en
4054,10186,en
4055,10186,fr
4056,25704,en
4057,133694,en
4058,19265,en
4059,36047,en
4060,36047,fr
4061,8053,en
4062,8053,es
4063,2290,en
4064,5236,en
4065,6552,en
4066,1018,es
4067,1018,en
4068,10075,en
4069,10075,pl
4070,38031,en
4071,42188,en
4072,6687,en
4073,6687,fr
4074,6687,zh
4075,6687,ru
4076,6687,es
4077,13853,en
4078,31306,en
4079,31306,ru
4080,8461,en
4081,331592,en
4082,47692,en
4083,47692,fr
4084,47692,gd
4085,19,xx
4086,10045,fr
4087,400,en
4088,253450,zh
4089,9104,en
4090,11190,ru
4091,16353,cs
4092,16353,zh
4093,16353,ru
4094,16353,th
4095,23759,en
4096,23759,gd
4097,24206,en
4098,10185,en
4099,10185,fr
4100,75033,en
4101,74536,en
4102,31668,en
4103,31668,de
4104,13501,en
4105,13501,it
4106,15208,en
4107,172391,en
4108,262543,en
4109,9288,en
4110,370980,es
4111,20083,ja
4112,20083,zh
4113,20083,cn
4114,20083,en
4115,40880,en
4116,137,en
4117,137,fr
4118,137,it
4119,264999,en
4120,454,en
4121,53457,en
4122,53457,fr
4123,53457,de
4124,53457,it
4125,53457,yi
4126,288980,en
4127,33,en
4128,1951,en
4129,12405,fr
4130,12405,hi
4131,12405,en
4132,10998,en
4133,114,en
4134,114,it
4135,114,ja
4136,9396,en
4137,319910,en
4138,2604,en
4139,2604,es
4140,864,en
4141,864,fr
4142,864,de
4143,864,ru
4144,14435,en
4145,1931,en
4146,691,en
4147,691,it
4148,691,ar
4149,9877,en
4150,9877,it
4151,62008,en
4152,12227,en
4153,13824,en
4154,71688,en
4155,15173,cs
4156,15173,en
4157,8291,en
4158,8291,fr
4159,13950,en
4160,13950,fr
4161,12158,en
4162,11586,en
4163,11586,fr
4164,11586,es
4165,10008,en
4166,2830,en
4167,12403,en
4168,34563,en
4169,14557,en
4170,10368,en
4171,10368,it
4172,10368,ru
4173,10280,en
4174,12637,en
4175,34152,en
4176,14434,en
4177,11470,en
4178,10741,en
4179,10741,de
4180,10741,es
4181,24940,en
4182,82679,en
4183,2013,fr
4184,1440,en
4185,18041,en
4186,18041,it
4187,28029,en
4188,1123,af
4189,1123,en
4190,1123,zu
4191,14033,en
4192,87729,en
4193,16899,en
4194,245700,en
4195,37842,fr
4196,9045,en
4197,9045,fr
4198,9045,de
4199,9045,it
4200,44092,zh
4201,44092,en
4202,16005,en
4203,44754,en
4204,23988,en
4205,43949,en
4206,142,en
4207,9603,es
4208,9603,en
4209,10712,en
4210,243938,en
4211,10876,en
4212,86838,en
4213,86838,vi
4214,25208,en
4215,613,hu
4216,613,de
4217,613,ru
4218,1913,gl
4219,1913,es
4220,97370,en
4221,801,en
4222,70829,ko
4223,54518,en
4224,44214,en
4225,44214,fr
4226,44214,it
4227,240,en
4228,240,it
4229,240,la
4230,240,es
4231,9816,en
4232,10131,en
4233,339984,en
4234,8859,en
4235,8859,fr
4236,8859,ja
4237,11967,en
4238,239563,en
4239,222899,en
4240,4951,en
4241,4951,fr
4242,10985,en
4243,10985,it
4244,10985,pt
4245,9644,en
4246,332567,en
4247,1954,en
4248,15489,en
4249,15250,en
4250,22345,en
4251,22345,es
4252,9448,en
4253,38223,en
4254,11186,en
4255,11186,tr
4256,136835,en
4257,5876,en
4258,264660,en
4259,492,en
4260,492,fr
4261,25462,en
4262,238603,en
4263,10691,es
4264,10691,en
4265,1251,en
4266,1251,ja
4267,5172,en
4268,58680,en
4269,264644,en
4270,14577,en
4271,11592,en
4272,16406,en
4273,16406,fr
4274,19052,en
4275,3682,en
4276,9683,en
4277,2084,en
4278,2084,ru
4279,107811,en
4280,2266,es
4281,2266,fr
4282,2266,en
4283,2266,zh
4284,2266,ar
4285,13074,en
4286,144340,en
4287,48217,fr
4288,28211,en
4289,47502,en
4290,9950,en
4291,9950,pl
4292,84892,en
4293,24227,en
4294,9672,en
4295,9672,de
4296,44853,en
4297,157544,en
4298,157544,de
4299,59678,en
4300,79777,bs
4301,79777,hr
4302,79777,en
4303,79777,sr
4304,158011,en
4305,407887,en
4306,407887,ko
4307,17043,en
4308,8952,en
4309,62204,xx
4310,13435,en
4311,13435,ja
4312,13435,ru
4313,13435,es
4314,17187,en
4315,319,en
4316,319,it
4317,59457,en
4318,9504,en
4319,37414,en
4320,6217,en
4321,26688,en
4322,43867,es
4323,43867,en
4324,6615,en
4325,6615,es
4326,14574,en
4327,16,en
4328,39780,fr
4329,39780,en
4330,21612,it
4331,21612,en
4332,36691,en
4333,23631,en
4334,23631,es
4335,45324,en
4336,45324,fr
4337,12144,en
4338,11658,ko
4339,56601,en
4340,9552,de
4341,9552,fr
4342,9552,la
4343,9552,ar
4344,9552,el
4345,9552,en
4346,578,en
4347,2105,en
4348,126319,fr
4349,10136,cs
4350,10136,en
4351,10136,it
4352,67660,en
4353,10611,en
4354,154,en
4355,3049,en
4356,860,en
4357,9281,de
4358,9281,en
4359,75674,en
4360,75674,ru
4361,9762,en
4362,3179,cs
4363,3179,en
4364,184,en
4365,13335,en
4366,76726,en
4367,10269,en
4368,36819,en
4369,17130,en
4370,57214,en
4371,11202,en
4372,9357,en
4373,13812,en
4374,9030,es
4375,9030,en
4376,19084,en
4377,8386,en
4378,10437,en
4379,1360,en
4380,1360,fr
4381,1360,ru
4382,101267,en
4383,222935,en
4384,10220,ru
4385,10220,en
4386,10220,he
4387,284296,en
4388,31915,en
4389,11601,en
4390,205220,en
4391,11354,en
4392,16241,en
4393,14191,en
4394,286565,en
4395,26710,en
4396,129670,en
4397,129670,es
4398,9059,en
4399,34549,en
4400,57157,en
4401,1948,en
4402,1948,es
4403,1948,ko
4404,28353,en
4405,46889,en
4406,38093,en
4407,14976,en
4408,11027,en
4409,3635,en
4410,387,de
4411,387,en
4412,387,fr
4413,6020,en
4414,122906,en
4415,9550,zh
4416,60599,en
4417,227719,en
4418,14299,en
4419,19419,en
4420,12088,en
4421,14799,en
4422,9466,en
4423,7510,en
4424,31246,en
4425,61752,en
4426,10944,en
4427,10362,en
4428,14778,en
4429,1255,ko
4430,45226,en
4431,10212,en
4432,10212,it
4433,10212,es
4434,8669,en
4435,179144,it
4436,179144,ja
4437,179144,es
4438,179144,zh
4439,16857,en
4440,86825,en
4441,844,cn
4442,844,ja
4443,844,zh
4444,8060,en
4445,15907,en
4446,38448,en
4447,38448,fr
4448,38448,ro
4449,327,en
4450,327,it
4451,327,ja
4452,327,es
4453,9260,en
4454,61337,en
4455,13079,en
4456,89325,en
4457,4170,ru
4458,4170,en
4459,4170,es
4460,4170,pl
4461,41508,en
4462,41508,de
4463,41508,he
4464,41508,hu
4465,41508,pl
4466,41508,yi
4467,12479,cs
4468,12479,en
4469,12479,fr
4470,44555,zh
4471,10133,en
4472,21345,en
4473,21345,de
4474,21345,ja
4475,21345,zh
4476,173931,en
4477,173931,de
4478,173931,zh
4479,173931,ru
4480,61984,ja
4481,50601,en
4482,50601,ka
4483,26466,en
4484,345003,en
4485,236751,en
4486,107,en
4487,107,ru
4488,357837,en
4489,8913,en
4490,13889,en
4491,13889,ja
4492,18530,en
4493,358451,zh
4494,358451,cn
4495,927,en
4496,927,es
4497,11,en
4498,291870,en
4499,907,en
4500,907,ru
4501,206563,en
4502,206563,pt
4503,11887,en
4504,45317,en
4505,12094,en
4506,10377,en
4507,249164,en
4508,256092,en
4509,9942,en
4510,10748,en
4511,1817,en
4512,1817,sw
4513,10229,en
4514,687,en
4515,796,vi
4516,796,en
4517,796,fr
4518,22804,en
4519,10156,fr
4520,10156,la
4521,10156,en
4522,12837,en
4523,17708,en
4524,17708,es
4525,17708,th
4526,17708,vi
4527,13937,en
4528,28932,en
4529,31909,en
4530,167073,en
4531,3175,de
4532,3175,fr
4533,3175,en
4534,14369,en
4535,16888,en
4536,121826,en
4537,121826,fr
4538,10646,en
4539,12149,en
4540,304357,en
4541,304357,de
4542,11184,en
4543,766,en
4544,20009,en
4545,1587,en
4546,30973,en
4547,11109,en
4548,9027,en
4549,9027,hi
4550,9027,hu
4551,9027,es
4552,63020,en
4553,86829,en
4554,11065,en
4555,11065,fr
4556,13888,en
4557,42345,en
4558,13994,en
4559,13994,ru
4560,1590,de
4561,62728,en
4562,11917,en
4563,45138,en
4564,80271,en
4565,4657,en
4566,14395,en
4567,14395,hi
4568,24137,en
4569,190847,en
4570,11056,en
4571,62,en
4572,62,ru
4573,601,en
4574,13067,en
4575,25379,en
4576,88641,en
4577,58051,hi
4578,14877,en
4579,96399,es
4580,96399,en
4581,304410,fr
4582,489,en
4583,373314,en
4584,373314,it
4585,214,en
4586,10890,en
4587,10890,ru
4588,10890,pl
4589,1588,en
4590,316727,en
4591,10314,en
4592,663,en
4593,11804,en
4594,16781,en
4595,16781,es
4596,11873,en
4597,11873,es
4598,9289,en
4599,9289,fr
4600,9289,de
4601,10414,en
4602,1970,en
4603,1970,ja
4604,9614,en
4605,8922,en
4606,1648,en
4607,1648,fr
4608,1648,de
4609,1648,el
4610,17917,en
4611,74534,hi
4612,74534,en
4613,19405,en
4614,9355,en
4615,10999,en
4616,321258,en
4617,44040,es
4618,44040,en
4619,44040,uk
4620,10426,en
4621,10426,fr
4622,10426,pt
4623,280092,en
4624,280092,th
4625,13938,en
4626,10163,en
4627,12182,en
4628,1832,en
4629,9034,en
4630,15301,en
4631,15301,fr
4632,15301,de
4633,15301,vi
4634,10135,en
4635,10135,pt
4636,26352,en
4637,20616,en
4638,9794,en
4639,9794,hu
4640,15037,en
4641,227,en
4642,294272,en
4643,11336,en
4644,11336,ru
4645,283445,en
4646,88036,en
4647,88036,fr
4648,10984,en
4649,22824,en
4650,9526,en
4651,9526,no
4652,39349,en
4653,15983,en
4654,14544,en
4655,14544,es
4656,11545,fr
4657,11545,en
4658,11545,la
4659,11545,es
4660,42684,en
4661,268238,en
4662,8359,en
4663,15648,en
4664,15648,de
4665,41823,en
4666,11891,en
4667,9362,en
4668,9902,en
4669,14729,en
4670,14729,sv
4671,9455,cn
4672,9455,en
4673,9455,zh
4674,103731,en
4675,10090,en
4676,10090,es
4677,164558,pt
4678,164558,en
4679,19905,en
4680,17710,en
4681,75900,en
4682,9515,en
4683,9515,pl
4684,27322,en
4685,328425,en
4686,14120,en
4687,14120,es
4688,10050,en
4689,1542,en
4690,10490,en
4691,87093,it
4692,87093,en
4693,87093,fr
4694,10029,en
4695,9893,pt
4696,9893,en
4697,11507,en
4698,37931,en
4699,37931,ru
4700,3472,fr
4701,3472,so
4702,3472,es
4703,3472,en
4704,87818,en
4705,13160,en
4706,88005,en
4707,52067,en
4708,73,en
4709,134597,en
4710,24034,en
4711,14283,en
4712,14283,fr
4713,14283,de
4714,14283,it
4715,14283,zh
4716,14283,es
4717,404,en
4718,13201,en
4719,209403,en
4720,7942,en
4721,73247,en
4722,253331,en
4723,34043,en
4724,34043,fr
4725,34043,hu
4726,9952,en
4727,256924,en
4728,256924,it
4729,82532,en
4730,41110,en
4731,41110,it
4732,41110,ru
4733,134371,en
4734,2088,en
4735,10388,en
4736,10388,fr
4737,1640,en
4738,1640,fa
4739,1640,es
4740,1640,zh
4741,1640,ko
4742,25520,en
4743,25520,fr
4744,27342,en
4745,13689,en
4746,67911,en
4747,67911,pl
4748,24664,en
4749,24664,hu
4750,329440,en
4751,47890,en
4752,252512,en
4753,55720,en
4754,55720,es
4755,9613,en
4756,29076,en
4757,29339,en
4758,68812,en
4759,32740,hi
4760,14195,en
4761,73567,en
4762,41479,cs
4763,41479,en
4764,41479,fr
4765,15394,en
4766,10071,en
4767,1989,en
4768,91076,en
4769,12779,it
4770,12779,el
4771,12779,en
4772,13191,en
4773,11770,cn
4774,11770,zh
4775,11770,pt
4776,11770,th
4777,12703,en
4778,12703,de
4779,64559,fr
4780,64559,hu
4781,222649,en
4782,115872,hu
4783,115872,en
4784,115872,fr
4785,101173,en
4786,25350,en
4787,10034,en
4788,20178,en
4789,5072,en
4790,5072,hu
4791,5072,ru
4792,18191,en
4793,31007,en
4794,11546,en
4795,184374,fr
4796,184374,es
4797,268171,fr
4798,78149,en
4799,78149,ru
4800,24663,en
4801,24663,pl
4802,39037,ru
4803,22805,en
4804,39055,en
4805,245846,en
4806,25186,en
4807,15017,no
4808,15017,en
4809,12245,en
4810,49787,en
4811,49787,pl
4812,16358,en
4813,7006,en
4814,66767,en
4815,17622,en
4816,17622,hu
4817,283671,en
4818,18516,en
4819,217708,en
4820,217708,is
4821,217708,ru
4822,217708,es
4823,217708,sv
4824,42057,en
4825,42057,pa
4826,17577,en
4827,14608,en
4828,34417,en
4829,15067,ko
4830,78383,en
4831,43090,en
4832,16614,en
4833,9700,en
4834,10471,en
4835,250066,en
4836,667,en
4837,667,ja
4838,667,ru
4839,208869,en
4840,86837,fr
4841,10306,en
4842,106845,en
4843,11576,en
4844,219,es
4845,11827,en
4846,11827,hu
4847,22820,en
4848,31174,en
4849,244316,en
4850,37737,en
4851,37737,hi
4852,37737,es
4853,62215,en
4854,66125,en
4855,66125,pl
4856,132316,hi
4857,348,en
4858,348,es
4859,30497,en
4860,27586,en
4861,14811,en
4862,14811,he
4863,14811,ru
4864,660,en
4865,660,fr
4866,68684,en
4867,40794,it
4868,9400,en
4869,16162,en
4870,10585,en
4871,2359,en
4872,2359,fr
4873,2359,ru
4874,2359,es
4875,238636,en
4876,10472,en
4877,10472,fr
4878,11282,en
4879,11282,hi
4880,6521,en
4881,14181,en
4882,14181,ru
4883,1621,en
4884,1621,pt
4885,9656,en
4886,9656,it
4887,16428,en
4888,10705,en
4889,10705,fr
4890,8272,en
4891,24621,en
4892,1619,en
4893,1619,fr
4894,9685,en
4895,14425,en
4896,14624,es
4897,14624,en
4898,10179,en
4899,15568,en
4900,14057,en
4901,12621,en
4902,1808,en
4903,293670,ja
4904,293670,ko
4905,293670,es
4906,67675,en
4907,27329,th
4908,29514,en
4909,250349,fr
4910,12454,ar
4911,12454,en
4912,12454,fr
4913,39806,en
4914,15699,en
4915,8883,da
4916,8883,de
4917,17926,en
4918,291081,en
4919,41248,fr
4920,25968,en
4921,9671,en
4922,52010,en
4923,11588,en
4924,43418,en
4925,71157,ar
4926,71157,fr
4927,13483,ja
4928,13483,en
4929,333355,en
4930,327833,th
4931,327833,en
4932,1547,en
4933,25196,en
4934,25196,es
4935,16323,en
4936,175528,en
4937,8069,en
4938,71805,en
4939,71805,no
4940,9451,en
4941,16727,bn
4942,16727,cs
4943,16727,en
4944,16727,fr
4945,16727,hi
4946,272693,en
4947,10696,en
4948,150202,en
4949,19644,ko
4950,29963,fr
4951,29963,en
4952,26022,en
4953,26022,hi
4954,26022,ur
4955,152747,en
4956,62676,en
4957,20360,it
4958,20360,hi
4959,1116,en
4960,1116,ga
4961,1116,la
4962,185008,hi
4963,11620,en
4964,14353,en
4965,11818,ar
4966,11818,en
4967,11818,ku
4968,11818,tr
4969,680,en
4970,680,es
4971,680,fr
4972,11176,en
4973,242582,en
4974,11217,en
4975,15121,en
4976,15121,fr
4977,15121,it
4978,2619,en
4979,2619,it
4980,773,en
4981,235,en
4982,170,es
4983,170,en
4984,14114,en
4985,10734,en
4986,28121,en
4987,40807,en
4988,10885,en
4989,10885,ja
4990,225565,en
4991,16471,en
4992,385736,en
4993,11971,en
4994,668,en
4995,668,de
4996,11596,en
4997,14429,en
4998,13751,en
4999,9490,en
5000,9490,tr
5001,14536,en
5002,14536,es
5003,1359,en
5004,1359,es
5005,1359,cn
5006,9962,en
5007,15049,en
5008,15049,fr
5009,22821,en
5010,22821,it
5011,22821,es
5012,42819,en
5013,42819,de
5014,42819,pl
5015,209263,en
5016,37735,en
5017,59930,en
5018,10873,en
5019,10873,de
5020,51588,en
5021,23570,en
5022,19489,en
5023,19489,it
5024,19489,pt
5025,19489,es
5026,14629,pt
5027,14629,en
5028,8293,en
5029,8293,de
5030,291270,en
5031,44009,en
5032,1958,fr
5033,13154,ja
5034,13154,en
5035,26618,en
5036,43923,en
5037,46138,en
5038,45791,en
5039,26306,en
5040,110683,en
5041,26963,en
5042,198277,en
5043,7870,en
5044,7870,it
5045,13072,en
5046,153397,en
5047,30141,en
5048,17044,en
5049,10288,en
5050,12183,en
5051,44147,en
5052,12192,en
5053,36597,en
5054,13197,en
5055,10913,en
5056,251321,fr
5057,251321,en
5058,149,ja
5059,10425,en
5060,49081,en
5061,49081,fr
5062,256687,en
5063,220488,zh
5064,1544,en
5065,374461,en
5066,302,en
5067,302,fr
5068,182873,en
5069,21512,en
5070,389425,en
5071,389425,de
5072,403,en
5073,403,hu
5074,403,pl
5075,29461,it
5076,29461,en
5077,33542,cn
5078,33542,en
5079,283708,ar
5080,283708,fr
5081,283708,es
5082,9388,en
5083,1691,en
5084,1691,pl
5085,24684,en
5086,2610,en
5087,2610,pl
5088,11308,en
5089,11022,en
5090,11022,de
5091,11022,pl
5092,34341,en
5093,15365,en
5094,36046,en
5095,12569,en
5096,24356,en
5097,55903,fr
5098,2577,en
5099,103903,en
5100,73873,en
5101,73873,fr
5102,14165,en
5103,14165,hi
5104,2011,en
5105,2011,fr
5106,2011,de
5107,2011,fa
5108,45650,en
5109,7735,de
5110,301365,en
5111,25941,en
5112,29064,en
5113,29064,it
5114,7326,en
5115,326284,en
5116,681,en
5117,681,de
5118,238,en
5119,238,it
5120,238,la
5121,535,en
5122,535,pt
5123,19913,en
5124,19913,fr
5125,19913,sv
5126,713,en
5127,713,mi
5128,77930,en
5129,10727,en
5130,253,en
5131,253,hu
5132,17908,en
5133,8390,en
5134,57119,en
5135,3291,en
5136,398,en
5137,8068,en
5138,10803,en
5139,682,th
5140,682,cn
5141,682,en
5142,10117,en
5143,10117,fr
5144,9392,en
5145,24977,en
5146,79316,en
5147,2074,en
5148,1696,es
5149,1696,en
5150,308639,en
5151,22314,it
5152,22314,en
5153,22314,ru
5154,2662,en
5155,77156,en
5156,12573,en
5157,12573,he
5158,12573,yi
5159,44718,en
5160,44718,fr
5161,11342,en
5162,241771,en
5163,34653,en
5164,34653,es
5165,11051,en
5166,14578,en
5167,57825,en
5168,57825,hi
5169,57825,hu
5170,57825,it
5171,57825,pa
5172,57825,es
5173,9555,en
5174,15581,en
5175,13006,en
5176,16651,en
5177,16651,to
5178,4251,hi
5179,12400,en
5180,39053,en
5181,39053,pl
5182,104896,en
5183,14112,en
5184,12271,en
5185,12271,fr
5186,12271,sk
5187,71859,en
5188,226354,en
5189,48620,en
5190,33676,en
5191,33676,es
5192,37080,en
5193,25388,en
5194,11687,fr
5195,39210,en
5196,39210,it
5197,30128,en
5198,31535,en
5199,44835,en
5200,192134,en
5201,1956,en
5202,24985,en
5203,24985,fr
5204,306745,en
5205,47088,en
5206,110402,ru
5207,27004,en
5208,27004,fr
5209,15013,en
5210,8374,en
5211,8374,es
5212,277519,cn
5213,78381,en
5214,164372,ru
5215,294512,en
5216,8879,en
5217,13001,en
5218,9571,en
5219,13649,en
5220,325373,en
5221,334527,en
5222,2211,de
5223,13919,en
5224,14576,en
5225,82505,en
5226,46738,fr
5227,46738,ar
5228,46738,en
5229,38970,en
5230,38970,fr
5231,38970,it
5232,41009,en
5233,7347,pt
5234,250546,en
5235,650,en
5236,16620,en
5237,25113,en
5238,11033,en
5239,34723,en
5240,34723,fr
5241,34723,de
5242,34723,ru
5243,9430,en
5244,8998,en
5245,10514,en
5246,10496,en
5247,1591,en
5248,1591,de
5249,1591,sw
5250,76025,en
5251,4836,en
5252,4836,ro
5253,14631,en
5254,87499,en
5255,18923,en
5256,26665,en
5257,28089,en
5258,28089,es
5259,62255,en
5260,5708,en
5261,218,en
5262,338,de
5263,21641,en
5264,10925,en
5265,2293,en
5266,621,en
5267,792,en
5268,792,vi
5269,1777,ar
5270,1777,en
5271,642,en
5272,642,es
5273,433,en
5274,16619,en
5275,1725,en
5276,11977,en
5277,20322,en
5278,16158,en
5279,629,es
5280,629,en
5281,629,fr
5282,629,hu
5283,10160,en
5284,11452,en
5285,12163,en
5286,32275,en
5287,13785,en
5288,1103,en
5289,36739,en
5290,14144,en
5291,10622,zh
5292,10622,cn
5293,10622,en
5294,13370,en
5295,11191,en
5296,11191,fr
5297,10215,en
5298,25066,en
5299,1523,en
5300,1523,fr
5301,1523,de
5302,1523,sw
5303,11361,en
5304,92591,en
5305,57612,en
5306,12509,en
5307,15256,en
5308,83686,en
5309,83686,fr
5310,80304,en
5311,80304,es
5312,28053,en
5313,67913,ga
5314,67913,en
5315,13991,en
5316,1443,en
5317,8545,en
5318,19556,en
5319,231576,en
5320,16172,fr
5321,16172,en
5322,13403,en
5323,13403,de
5324,15797,en
5325,347764,en
5326,347764,de
5327,13537,en
5328,13537,fr
5329,13537,hu
5330,20794,en
5331,31064,en
5332,576,en
5333,576,de
5334,576,es
5335,13990,en
5336,11583,en
5337,18602,en
5338,18602,es
5339,27549,en
5340,59728,en
5341,10930,fr
5342,32395,en
5343,58882,zh
5344,58882,en
5345,7547,en
5346,35944,en
5347,42222,en
5348,42222,fr
5349,42222,de
5350,42222,ru
5351,13827,en
5352,13827,pl
5353,44260,en
5354,9282,en
5355,38940,en
5356,38940,fr
5357,35689,en
5358,97614,en
5359,37206,en
5360,58626,en
5361,183894,en
5362,837,en
5363,1555,it
5364,1555,fr
5365,1555,es
5366,1555,en
5367,1555,ca
5368,1555,da
5369,1555,de
5370,244783,en
5371,16564,nl
5372,16564,en
5373,16564,de
5374,168027,en
5375,3482,de
5376,3482,en
5377,135595,en
5378,135595,zh
5379,8982,en
5380,8982,zh
5381,8982,th
5382,8982,vi
5383,89861,en
5384,455,en
5385,455,pa
5386,57022,en
5387,14351,en
5388,147767,hi
5389,10664,es
5390,55567,en
5391,9277,en
5392,9443,en
5393,9443,fr
5394,16186,en
5395,7863,en
5396,7863,yi
5397,138697,en
5398,11901,en
5399,1548,en
5400,11889,en
5401,33155,en
5402,5528,fr
5403,321,en
5404,321,fr
5405,321,it
5406,4997,en
5407,925,en
5408,27451,en
5409,73532,fr
5410,979,fr
5411,193722,ja
5412,7913,hi
5413,253253,en
5414,51995,en
5415,13173,es
5416,13173,en
5417,22908,en
5418,70670,da
5419,70670,en
5420,70670,no
5421,70670,ru
5422,84204,en
5423,25248,en
5424,230266,en
5425,16633,en
5426,63006,en
5427,63006,hi
5428,91586,en
5429,91586,th
5430,215,en
5431,333371,en
5432,9012,en
5433,345911,en
5434,72571,en
5435,242512,en
5436,10072,en
5437,211954,es
5438,211954,en
5439,82990,en
5440,29912,en
5441,11843,en
5442,11284,en
5443,504,en
5444,173,en
5445,227348,en
5446,1955,en
5447,152532,en
5448,152532,ja
5449,243940,en
5450,77,en
5451,157547,en
5452,2295,en
5453,71,en
5454,147773,en
5455,16096,en
5456,24266,en
5457,16508,en
5458,2895,en
5459,15660,en
5460,59968,en
5461,323677,en
5462,19848,en
5463,256274,en
5464,235271,en
5465,45153,en
5466,284293,en
5467,24973,el
5468,24973,en
5469,21610,en
5470,21610,fr
5471,10283,en
5472,8346,el
5473,8346,en
5474,122081,en
5475,10987,en
5476,1391,es
5477,747,en
5478,14745,en
5479,14745,ru
5480,26748,en
5481,26748,es
5482,11357,en
5483,24913,en
5484,13776,en
5485,14854,en
5486,14854,es
5487,50357,cs
5488,50357,en
5489,13090,en
5490,13090,es
5491,192141,fr
5492,192141,en
5493,192141,th
5494,16441,en
5495,29996,en
5496,351819,en
5497,14834,en
5498,14834,fr
5499,22649,en
5500,378200,en
5501,20455,de
5502,20455,en
5503,13193,en
5504,11042,en
5505,11042,fr
5506,10786,en
5507,12484,en
5508,17339,en
5509,17339,es
5510,11959,en
5511,9900,en
5512,9900,pt
5513,14662,en
5514,335,en
5515,15745,en
5516,17431,es
5517,17431,en
5518,21014,en
5519,21014,he
5520,78394,en
5521,10217,en
5522,10217,es
5523,46332,ar
5524,46332,fr
5525,13996,fr
5526,13996,en
5527,13996,de
5528,3028,en
5529,1024,en
5530,343795,en
5531,343795,pt
5532,45658,en
5533,16148,en
5534,4553,en
5535,36351,en
5536,245916,en
5537,27585,en
5538,1415,en
5539,313922,en
5540,14474,en
5541,199933,en
5542,13685,es
5543,13685,en
5544,8744,en
5545,38428,hi
5546,38428,en
5547,8847,en
5548,39269,en
5549,46838,en
5550,51384,de
5551,56930,en
5552,41730,en
5553,18442,en
5554,298312,en
5555,11600,en
5556,11600,es
5557,71547,en
5558,57876,en
5559,57876,pt
5560,77495,es
5561,13849,en
5562,13849,fr
5563,13849,pl
5564,14849,en
5565,12486,en
5566,19615,en
5567,244403,en
5568,292481,en
5569,340816,pt
5570,340816,en
5571,78814,en
5572,297596,ar
5573,297596,en
5574,297596,ro
5575,299552,en
5576,11935,en
5577,113406,en
5578,290825,en
5579,290825,fr
5580,290825,de
5581,361159,en
5582,12555,pl
5583,12555,cs
5584,31175,de
5585,31175,el
5586,12498,en
5587,77949,fr
5588,77949,en
5589,1690,en
5590,8435,en
5591,64720,en
5592,49365,en
5593,11404,en
5594,300706,en
5595,16337,en
5596,11577,en
5597,77987,en
5598,77987,th
5599,40185,fr
5600,68202,en
5601,8981,en
5602,10914,en
5603,50848,fr
5604,166624,en
5605,10822,en
5606,10844,en
5607,9336,en
5608,5689,en
5609,712,en
5610,13342,en
5611,10339,en
5612,1429,en
5613,9303,en
5614,641,en
5615,27686,en
5616,65749,es
5617,6106,en
5618,6106,es
5619,252680,en
5620,141,en
5621,17139,nl
5622,17139,en
5623,17139,fr
5624,17139,de
5625,12079,en
5626,39800,en
5627,4550,en
5628,4550,ja
5629,4550,ko
5630,62116,fr
5631,9991,en
5632,9991,it
5633,13807,cn
5634,68818,es
5635,68818,en
5636,12093,ru
5637,12093,sv
5638,12093,en
5639,36419,en
5640,281730,hi
5641,281730,en
5642,510,en
5643,362105,en
5644,10970,fr
5645,375290,ar
5646,375290,hi
5647,375290,ml
5648,17663,en
5649,270938,en
5650,116613,sr
5651,116613,en
5652,11826,en
5653,29920,de
5654,29920,en
5655,29920,es
5656,29920,sr
5657,29920,sv
5658,1088,en
5659,1088,mi
5660,26379,hi
5661,34069,fr
5662,34069,de
5663,10947,en
5664,47452,en
5665,3040,de
5666,3040,ru
5667,11386,en
5668,10246,en
5669,29426,en
5670,10331,en
5671,153,ja
5672,153,en
5673,703,en
5674,703,de
5675,27191,en
5676,27191,de
5677,1365,en
5678,287424,en
5679,451,en
5680,165864,en
5681,987,en
5682,241251,en
5683,40494,en
5684,40494,it
5685,39781,en
5686,8337,en
5687,5925,en
5688,5925,de
5689,5925,fr
5690,5925,ru
5691,8357,en
5692,8357,de
5693,8357,es
5694,146203,en
5695,85350,es
5696,85350,en
5697,512,en
5698,13408,en
5699,47816,en
5700,10744,en
5701,10744,ru
5702,11536,en
5703,9782,en
5704,18713,en
5705,6537,es
5706,184345,en
5707,1809,en
5708,1809,de
5709,2370,en
5710,2370,fr
5711,2370,ru
5712,2370,es
5713,9809,en
5714,9809,pl
5715,9809,pt
5716,9809,es
5717,5,en
5718,11013,en
5719,19153,en
5720,10132,en
5721,16448,en
5722,15122,pt
5723,15122,en
5724,8141,en
5725,1546,en
5726,48572,en
5727,14517,en
5728,89708,en
5729,27551,en
5730,27551,it
5731,27551,es
5732,64678,en
5733,309503,en
5734,14293,en
5735,15059,en
5736,103328,fr
5737,157847,en
5738,25719,en
5739,48309,en
5740,27723,en
5741,20468,en
5742,242575,de
5743,242575,es
5744,44945,en
5745,29122,en
5746,125123,en
5747,111190,en
5748,133575,en
5749,54580,es
5750,54580,de
5751,52015,en
5752,34941,en
5753,227975,de
5754,227975,pt
5755,60422,en
5756,60422,fr
5757,60422,de
5758,81390,en
5759,81390,it
5760,10981,en
5761,225235,ru
5762,14902,en
5763,121676,ar
5764,121676,en
5765,22301,fr
5766,22301,en
5767,22301,de
5768,20065,en
5769,20065,it
5770,257087,en
5771,46420,en
5772,114635,en
5773,158150,en
5774,251979,en
5775,874,en
5776,874,fr
5777,874,la
5778,874,es
5779,10774,en
5780,10774,de
5781,770,en
5782,266102,en
5783,29715,en
5784,29715,fr
5785,29715,es
5786,25209,en
5787,37495,ar
5788,37495,en
5789,37495,ur
5790,29262,pt
5791,34769,en
5792,35032,en
5793,5178,en
5794,5178,it
5795,8618,en
5796,3116,en
5797,3116,it
5798,9427,en
5799,813,en
5800,352978,en
5801,10634,en
5802,9516,en
5803,16288,en
5804,23330,en
5805,18900,en
5806,27029,en
5807,26268,en
5808,573,en
5809,310131,en
5810,40505,en
5811,11363,en
5812,11363,fr
5813,3033,en
5814,3033,hu
5815,25376,es
5816,22007,en
5817,765,en
5818,10615,en
5819,205321,en
5820,89540,es
5821,46146,no
5822,14256,en
5823,540,en
5824,370464,en
5825,20055,en
5826,224569,en
5827,224569,ru
5828,39303,en
5829,142061,en
5830,370662,en
5831,252360,en
5832,256740,en
5833,299145,en
5834,241766,it
5835,241766,en
5836,12535,en
5837,12535,hu
5838,1667,fr
5839,1667,en
5840,50839,en
5841,86549,es
5842,86549,en
5843,13973,en
5844,244786,en
5845,598,pt
5846,11129,en
5847,75861,en
5848,13551,en
5849,103663,da
5850,103663,pl
5851,103663,en
5852,850,en
5853,12586,en
5854,12586,es
5855,11564,en
5856,301748,en
5857,108346,en
5858,8841,fr
5859,805,en
5860,11697,en
5861,22051,en
5862,436,en
5863,436,es
5864,55347,en
5865,55347,fr
5866,10070,en
5867,8469,en
5868,658,zh
5869,658,en
5870,658,es
5871,125490,en
5872,1585,en
5873,627,en
5874,23618,en
5875,41436,en
5876,10162,en
5877,10162,ga
5878,10162,la
5879,1430,en
5880,259943,zh
5881,10014,en
5882,11257,en
5883,11257,it
5884,158015,en
5885,82507,en
5886,82507,pt
5887,82507,fr
5888,82507,br
5889,20337,en
5890,261,en
5891,1685,en
5892,20737,en
5893,10991,en
5894,10225,en
5895,826,ja
5896,826,th
5897,826,en
5898,34086,en
5899,5854,en
5900,284,en
5901,10285,en
5902,5780,en
5903,5780,de
5904,5780,no
5905,5780,sv
5906,292,en
5907,292,de
5908,223485,en
5909,223485,tr
5910,29463,en
5911,18065,en
5912,22013,en
5913,821,en
5914,53862,en
5915,3089,en
5916,3089,de
5917,3089,it
5918,3089,es
5919,30139,en
5920,132344,en
5921,132344,el
5922,132344,fr
5923,15582,en
5924,15158,en
5925,44634,en
5926,30309,en
5927,7509,hi
5928,10557,en
5929,10557,ru
5930,10557,ur
5931,23531,it
5932,23531,en
5933,28005,en
5934,40247,en
5935,252,en
5936,252,fr
5937,252,de
5938,24126,en
5939,13982,es
5940,13982,en
5941,16642,en
5942,16642,it
5943,17734,en
5944,18892,en
5945,549,en
5946,549,es
5947,121986,en
5948,868,af
5949,868,xh
5950,868,zu
5951,10683,en
5952,10683,ru
5953,17995,en
5954,246403,en
5955,670,ko
5956,35691,en
5957,49010,en
5958,317930,en
5959,11229,en
5960,22488,en
5961,24469,en
5962,82533,en
5963,50942,en
5964,84174,en
5965,34099,en
5966,79940,en
5967,342,de
5968,38033,en
5969,100975,en
5970,38541,en
5971,39563,en
5972,234212,en
5973,27404,en
5974,170480,en
5975,71866,en
5976,71866,de
5977,192210,en
5978,192210,pt
5979,192210,ru
5980,180296,en
5981,157058,en
5982,70006,en
5983,26039,en
5984,79587,it
5985,79587,en
5986,176077,en
5987,260947,en
5988,342502,en
5989,191229,en
5990,191229,es
5991,43213,en
5992,44594,en
5993,666,pt
5994,248,en
5995,248,es
5996,325173,en
5997,55831,en
5998,351043,en
5999,43942,en
6000,10226,it
6001,10226,en
6002,10226,fr
6003,66942,en
6004,66942,pt
6005,356483,en
6006,10476,en
6007,239,en
6008,10281,en
6009,630,en
6010,3034,en
6011,3034,de
6012,13025,en
6013,21461,hi
6014,55306,en
6015,17264,ar
6016,17264,en
6017,17264,it
6018,16016,da
6019,15875,en
6020,15875,fr
6021,5900,nl
6022,43306,en
6023,11072,en
6024,11072,de
6025,11072,yi
6026,9730,en
6027,9730,es
6028,209274,pl
6029,26371,en
6030,14137,en
6031,291,en
6032,14139,es
6033,33106,zh
6034,8875,en
6035,872,en
6036,72914,en
6037,139038,en
6038,126509,en
6039,9591,en
6040,10676,en
6041,1687,en
6042,24748,en
6043,181330,en
6044,468,en
6045,401,en
6046,76,en
6047,76,de
6048,76,fr
6049,50538,fr
6050,25636,en
6051,19316,en
6052,19316,zh
6053,84329,en
6054,20,en
6055,157386,en
6056,13007,ar
6057,13007,en
6058,13007,he
6059,13007,fa
6060,13007,es
6061,13518,en
6062,116584,en
6063,46849,en
6064,40428,en
6065,17334,en
6066,17334,hi
6067,1698,de
6068,1698,la
6069,20764,en
6070,20764,es
6071,45132,en
6072,76706,en
6073,254472,en
6074,332285,en
6075,49471,en
6076,13569,en
6077,13569,de
6078,7512,en
6079,356216,en
6080,11798,en
6081,146631,en
6082,146631,fr
6083,43546,en
6084,43546,es
6085,43546,fr
6086,61038,en
6087,78373,en
6088,17820,en
6089,74457,en
6090,283384,en
6091,19933,nl
6092,19933,en
6093,19933,pl
6094,756,en
6095,433715,en
6096,9728,en
6097,9731,en
6098,9916,en
6099,9916,pt
6100,309425,en
6101,14156,en
6102,43610,en
6103,360339,en
6104,31163,en
6105,297621,en
6106,16205,en
6107,887,en
6108,9517,en
6109,6007,no
6110,364083,es
6111,364083,en
6112,8329,ja
6113,8329,es
6114,69640,en
6115,347548,en
6116,322443,en
6117,657,en
6118,657,ru
6119,657,tr
6120,657,ro
6121,28165,en
6122,28165,ja
6123,11561,en
6124,11561,yi
6125,270303,en
6126,11624,en
6127,11624,it
6128,595,en
6129,8810,en
6130,12207,cn
6131,226,en
6132,92182,en
6133,582,de
6134,72213,en
6135,990,en
6136,55604,en
6137,9662,fr
6138,9662,pt
6139,20862,en
6140,2771,en
6141,80,en
6142,80,fr
6143,55,es
6144,11023,en
6145,11023,pt
6146,11023,es
6147,33667,en
6148,39013,en
6149,11194,en
6150,43839,en
6151,1382,en
6152,44639,en
6153,301351,en
6154,301351,it
6155,4816,en
6156,7873,en
6157,7873,es
6158,7873,ko
6159,331190,en
6160,15186,en
6161,17994,de
6162,1378,en
6163,8885,he
6164,8885,ar
6165,8885,de
6166,8885,en
6167,12901,en
6168,250124,en
6169,14284,hu
6170,57120,en
6171,12228,en
6172,22617,en
6173,22617,fr
6174,22617,it
6175,55561,en
6176,42889,en
6177,42889,fr
6178,10656,fr
6179,24363,en
6180,24363,fr
6181,13121,en
6182,24746,en
6183,12109,en
6184,27023,en
6185,27023,it
6186,22913,en
6187,273899,en
6188,20653,en
6189,20653,hi
6190,171759,en
6191,171759,de
6192,206296,en
6193,35219,en
6194,28260,cs
6195,28260,en
6196,28260,it
6197,7515,en
6198,13075,en
6199,335866,en
6200,13510,en
6201,215881,en
6202,18238,en
6203,22600,af
6204,22600,en
6205,12612,en
6206,50698,en
6207,115210,en
6208,34335,en
6209,11302,yi
6210,11302,en
6211,119458,en
6212,20406,en
6213,20406,de
6214,20406,ru
6215,20406,es
6216,3766,cn
6217,3766,en
6218,18616,en
6219,18616,pl
6220,18808,en
6221,95755,en
6222,198062,en
6223,188652,en
6224,174311,en
6225,12602,de
6226,153795,en
6227,17768,en
6228,13516,en
6229,98549,en
6230,98549,fr
6231,312793,en
6232,312793,de
6233,309919,en
6234,299553,en
6235,21309,en
6236,32235,en
6237,329540,en
6238,26388,en
6239,49020,en
6240,159037,ar
6241,12838,fr
6242,157293,hi
6243,14048,en
6244,14048,fr
6245,356987,en
6246,295886,en
6247,38358,en
6248,33511,en
6249,702,en
6250,935,en
6251,542,es
6252,84175,en
6253,1705,en
6254,62677,en
6255,50875,en
6256,260778,ta
6257,58492,en
6258,44562,en
6259,37232,dz
6260,4929,en
6261,36334,en
6262,36334,de
6263,9783,en
6264,386826,en
6265,205126,en
6266,205126,fr
6267,205126,de
6268,98557,en
6269,104,de
6270,104,en
6271,104,ja
6272,10894,en
6273,246449,en
6274,32579,en
6275,32579,es
6276,1688,en
6277,1999,sh
6278,1999,en
6279,43947,en
6280,24066,en
6281,9709,en
6282,191714,en
6283,191714,hi
6284,25312,en
6285,34106,en
6286,34106,ru
6287,11426,en
6288,13909,en
6289,206284,en
6290,27455,en
6291,7973,fr
6292,7973,ar
6293,283686,en
6294,15976,he
6295,592,en
6296,74084,en
6297,74084,hi
6298,1651,fr
6299,25428,de
6300,298584,en
6301,10758,en
6302,11690,en
6303,3083,en
6304,9344,en
6305,10707,en
6306,10707,fr
6307,15647,en
6308,308529,en
6309,308529,th
6310,4174,en
6311,20156,en
6312,20156,he
6313,9464,en
6314,49018,en
6315,13820,en
6316,18079,es
6317,127918,en
6318,127918,he
6319,17113,en
6320,129139,en
6321,507,en
6322,507,fr
6323,4012,en
6324,4012,he
6325,4012,hu
6326,14054,en
6327,323271,en
6328,10972,en
6329,66025,en
6330,11908,en
6331,3082,en
6332,39541,en
6333,1961,en
6334,51820,en
6335,291362,en
6336,30082,en
6337,72913,en
6338,23963,hy
6339,23963,en
6340,23963,fr
6341,29406,en
6342,104755,en
6343,253306,en
6344,29595,en
6345,46729,en
6346,294600,en
6347,137347,en
6348,137347,ro
6349,426469,en
6350,356841,en
6351,301325,en
6352,301325,es
6353,347755,en
6354,408,en
6355,44413,es
6356,39209,de
6357,39209,en
6358,39209,es
6359,394047,en
6360,312791,en
6361,266034,fr
6362,280381,en
6363,2661,en
6364,100,en
6365,218500,en
6366,309,da
6367,309,de
6368,309,en
6369,27845,it
6370,27845,en
6371,25784,en
6372,25784,vi
6373,100275,en
6374,295914,ky
6375,42033,en
6376,19187,ru
6377,46415,fr
6378,46415,en
6379,46415,hi
6380,38570,en
6381,38570,ru
6382,27588,fr
6383,27588,de
6384,223,en
6385,223,fr
6386,9725,en
6387,28580,en
6388,23730,en
6389,46256,en
6390,19997,en
6391,43266,en
6392,43266,cy
6393,278316,en
6394,1412,en
6395,176,en
6396,39939,en
6397,215924,es
6398,480,en
6399,480,hi
6400,14295,en
6401,11219,en
6402,20770,en
6403,176124,en
6404,176124,de
6405,500,en
6406,60400,en
6407,60400,fr
6408,429,it
6409,310569,pt
6410,98369,en
6411,89750,en
6412,49951,en
6413,86331,fr
6414,355629,es
6415,16433,en
6416,15544,en
6417,15544,de
6418,15544,hu
6419,43884,en
6420,107315,en
6421,13064,en
6422,59917,en
6423,157422,en
6424,7553,en
6425,7553,ru
6426,12877,en
6427,39895,en
6428,39895,de
6429,55616,en
6430,29697,en
6431,29697,zu
6432,50037,en
6433,94329,id
6434,53502,en
6435,202604,it
6436,202604,en
6437,289,de
6438,289,fr
6439,289,it
6440,289,en
6441,27374,en
6442,27374,de
6443,26815,hi
6444,811,en
6445,811,de
6446,1366,en
6447,244776,en
6448,5769,en
6449,277685,en
6450,103,en
6451,103,es
6452,11298,en
6453,646,en
6454,646,fr
6455,93856,en
6456,9003,en
6457,347126,en
6458,10092,en
6459,10092,de
6460,10092,pt
6461,10643,ja
6462,46705,en
6463,546,en
6464,76487,en
6465,5722,en
6466,39833,en
6467,1781,en
6468,18712,en
6469,7944,en
6470,171424,en
6471,361475,en
6472,361475,fr
6473,113947,en
6474,18570,en
6475,83860,en
6476,41469,en
6477,244772,en
6478,50837,en
6479,248774,en
6480,10183,en
6481,10183,fr
6482,10183,ur
6483,10183,zh
6484,159014,en
6485,32456,en
6486,49963,en
6487,13508,en
6488,13508,fr
6489,13508,hu
6490,22597,en
6491,22597,fr
6492,22597,ru
6493,9707,en
6494,9707,de
6495,26791,en
6496,56666,hi
6497,56666,ur
6498,8675,en
6499,8675,ja
6500,13132,en
6501,47686,en
6502,46989,en
6503,192132,en
6504,24424,ar
6505,24424,he
6506,13198,en
6507,244267,en
6508,21413,en
6509,123678,en
6510,123678,id
6511,13362,en
6512,39183,en
6513,62402,en
6514,201132,en
6515,251471,en
6516,112456,en
6517,20296,hi
6518,25983,en
6519,66195,en
6520,16155,en
6521,46727,en
6522,55180,en
6523,29015,en
6524,91122,en
6525,18206,en
6526,18206,es
6527,320146,en
6528,13856,en
6529,43630,en
6530,56491,en
6531,99826,en
6532,186935,es
6533,357441,ur
6534,19344,en
6535,242083,en
6536,18869,en
6537,26673,en
6538,41830,en
6539,63287,en
6540,63287,es
6541,335874,en
6542,34592,en
6543,92635,en
6544,258755,es
6545,96534,en
6546,21283,en
6547,84178,en
6548,101179,en
6549,52462,de
6550,269057,en
6551,287524,en
6552,206213,en
6553,248402,en
6554,29146,en
6555,207769,en
6556,271185,en
6557,29731,en
6558,292539,en
6559,654,en
6560,91070,en
6561,2009,ro
6562,2652,en
6563,9813,en
6564,60421,en
6565,60421,fr
6566,60421,fa
6567,157354,en
6568,127867,en
6569,3170,en
6570,14014,en
6571,15708,en
6572,146882,fr
6573,215918,en
6574,84200,en
6575,84184,en
6576,45767,en
6577,14823,en
6578,367551,en
6579,343409,en
6580,60243,fa
6581,57294,en
6582,11446,en
6583,47889,en
6584,25461,en
6585,25461,es
6586,905,de
6587,78705,es
6588,25212,en
6589,26899,en
6590,146269,en
6591,292483,en
6592,14451,no
6593,10105,en
6594,10105,de
6595,211557,en
6596,838,en
6597,40862,en
6598,13158,en
6599,84332,en
6600,74510,en
6601,74725,sv
6602,74725,en
6603,58428,en
6604,8416,en
6605,8416,fr
6606,8416,it
6607,8416,la
6608,8416,zh
6609,13429,en
6610,9022,en
6611,22530,de
6612,22530,en
6613,288,en
6614,14275,en
6615,2287,en
6616,18734,en
6617,206197,en
6618,26837,en
6619,7859,en
6620,302579,en
6621,51955,en
6622,376004,en
6623,158752,en
6624,40658,en
6625,296943,en
6626,118612,en
6627,323967,en
6628,3080,en
6629,3080,it
6630,2667,en
6631,9459,en
6632,11598,en
6633,26916,en
6634,181940,en
6635,324322,fr
6636,324322,en
6637,324322,bm
6638,375950,fr
6639,278348,en
6640,704,en
6641,75986,en
6642,385636,en
6643,385636,sl
6644,14438,en
6645,211086,hi
6646,23069,en
6647,83,en
6648,89857,en
6649,30315,en
6650,14358,en
6651,14358,es
6652,2056,en
6653,41144,en
6654,35199,en
6655,14271,en
6656,14757,en
6657,14757,fr
6658,14757,hu
6659,14757,ps
6660,23655,en
6661,36825,en
6662,33430,en
6663,12281,en
6664,125052,en
6665,96238,en
6666,30246,en
6667,7301,en
6668,172533,en
6669,180383,en
6670,346,ja
6671,84318,en
6672,45145,en
6673,13983,en
6674,45649,en
6675,19844,en
6676,21801,en
6677,43933,es
6678,43933,en
6679,73511,en
6680,139715,en
6681,45380,zh
6682,30867,en
6683,81220,en
6684,253626,en
6685,294550,en
6686,90369,en
6687,90369,fr
6688,90369,de
6689,117942,en
6690,322194,en
6691,98568,en
6692,98568,de
6693,119657,es
6694,380733,en
6695,362765,en
6696,379532,en
6697,253261,en
6698,297100,en
6699,15239,en
6700,4107,en
6701,4107,ga
6702,15624,en
6703,17287,en
6704,198370,en
6705,3062,en
6706,15389,en
6707,464,en
6708,464,it
6709,464,sv
6710,8193,en
6711,188166,en
6712,23827,en
6713,1282,en
6714,762,fr
6715,762,la
6716,762,en
6717,64499,en
6718,1435,en
6719,19204,en
6720,19204,it
6721,9029,en
6722,9029,sh
6723,18045,en
6724,18045,pl
6725,11240,en
6726,157909,en
6727,10238,sv
6728,3059,en
6729,15800,en
6730,65203,en
6731,764,en
6732,103620,en
6733,319069,en
6734,319069,he
6735,14278,en
6736,25678,en
6737,389,en
6738,52032,en
6739,3078,en
6740,38810,el
6741,21525,en
6742,55123,en
6743,11980,en
6744,11956,fr
6745,1550,zh
6746,1550,en
6747,162396,en
6748,26518,en
6749,8942,en
6750,68412,en
6751,2786,fr
6752,87943,en
6753,73981,en
6754,73981,hi
6755,91721,en
6756,118452,en
6757,47534,en
6758,40914,en
6759,365052,en
6760,13282,en
6761,250184,en
6762,426067,en
6763,324352,en
6764,318040,en
6765,27420,en
6766,80468,en
6767,84188,en
6768,84188,fr
6769,84188,de
6770,2255,en
6771,50035,en
6772,14290,en
6773,29371,en
6774,44490,en
6775,32222,en
6776,378237,en
6777,431,de
6778,431,en
6779,76996,en
6780,51942,en
6781,1424,en
6782,60420,en
6783,325123,en
6784,142132,en
6785,20520,en
6786,20520,zh
6787,109729,en
6788,78307,en
6789,12247,en
6790,29917,cn
6791,29917,en
6792,29917,fr
6793,24869,en
6794,77934,en
6795,77934,de
6796,34697,de
6797,34697,en
6798,306667,en
6799,274758,en
6800,40963,en
6801,173224,en
6802,18533,en
6803,376010,en
6804,139948,en
6805,35073,en
6806,35073,fr
6807,9659,en
6808,10218,en
6809,391,it
6810,391,es
6811,43595,en
6812,54897,en
6813,83588,en
6814,53256,en
6815,53256,de
6816,40920,en
6817,54702,pl
6818,54702,en
6819,69270,en
6820,5759,en
6821,402515,en
6822,126141,fr
6823,48035,da
6824,14758,en
6825,13363,en
6826,37985,en
6827,25786,en
6828,36549,en
6829,361398,en
6830,289180,en
6831,288927,en
6832,21334,fa
6833,79120,en
6834,27995,en
6835,253290,en
6836,344466,ro
6837,55420,en
6838,5822,en
6839,408429,en
6840,39141,en
6841,39141,fr
6842,5723,en
6843,28666,en
6844,30979,en
6845,30979,de
6846,30979,mn
6847,50497,en
6848,354624,en
6849,13187,en
6850,13187,es
6851,335244,en
6852,178862,en
6853,331745,en
6854,1779,en
6855,282128,en
6856,86812,en
6857,84355,en
6858,40652,fr
6859,339408,en
6860,266857,en
6861,18925,en
6862,299245,en
6863,985,en
6864,34101,en
6865,9821,en
6866,65448,en
6867,18841,en
6868,175291,en
6869,80215,en
6870,13538,en
6871,51130,en
6872,270554,en
6873,72086,en
6874,268917,en
6875,64973,en
6876,473,en
6877,90414,en
6878,111794,en
6879,360188,en
6880,9372,en
6881,85860,en
6882,244534,en
6883,33468,en
6884,294086,en
6885,139998,en
6886,74777,en
6887,16388,en
6888,159770,en
6889,42109,pt
6890,47607,en
6891,193603,en
6892,322745,en
6893,20981,en
6894,174362,en
6895,242095,en
6896,250902,en
6897,158895,en
6898,18292,en
6899,125537,en
6900,326576,en
6901,228550,en
6902,13963,en
6903,290391,en
6904,44770,en
6905,40769,en
6906,42151,en
6907,2292,en
6908,42497,en
6909,42497,fr
6910,33693,en
6911,14585,en
6912,185465,es
6913,185465,en
6914,38780,en
6915,14022,en
6916,255266,en
6917,17345,en
6918,226458,en
6919,287625,sw
6920,287625,en
6921,44990,en
6922,86304,en
6923,692,en
6924,39851,cn
6925,39851,en
6926,39851,fr
6927,13898,fa
6928,157185,en
6929,36095,ja
6930,286939,en
6931,124606,en
6932,14337,en
6933,9367,es
6934,231617,en
6935,126186,en
6936,25975,en
